"","query","significant","p_value","term_size","query_size","intersection_size","precision","recall","term_id","source","term_name","effective_domain_size","source_order","parents","IC"
"1","antiquewhite2",TRUE,0.0487030967959841,30,46,3,0.0652173913043478,0.1,"KEGG:00630","KEGG","Glyoxylate and dicarboxylate metabolism",8001,108,"KEGG:00000",NA
"2","black",TRUE,3.717443836547e-09,29,146,9,0.0616438356164384,0.310344827586207,"GO:0042168","GO:BP","heme metabolic process",16566,11614,"GO:0006778, GO:0042440",7.83709384970555
"3","black",TRUE,5.95878637003051e-09,20,146,8,0.0547945205479452,0.4,"GO:0006783","GO:BP","heme biosynthetic process",16566,2752,"GO:0006779, GO:0042168, GO:0046148",8.11250582956552
"4","black",TRUE,1.01805948283574e-08,32,146,9,0.0616438356164384,0.28125,"GO:0006778","GO:BP","porphyrin-containing compound metabolic process",16566,2747,"GO:0033013",7.39526109742651
"5","black",TRUE,2.26820302645739e-08,23,146,8,0.0547945205479452,0.347826086956522,"GO:0006779","GO:BP","porphyrin-containing compound biosynthetic process",16566,2748,"GO:0006778, GO:0033014",7.95487688536193
"6","black",TRUE,2.26820302645739e-08,23,146,8,0.0547945205479452,0.347826086956522,"GO:0033014","GO:BP","tetrapyrrole biosynthetic process",16566,9219,"GO:0018130, GO:0019438, GO:0033013, GO:0044271, GO:1901362, GO:1901566",7.8942522635455
"7","black",TRUE,6.13747642673357e-08,54,146,10,0.0684931506849315,0.185185185185185,"GO:0033013","GO:BP","tetrapyrrole metabolic process",16566,9218,"GO:0006725, GO:0046483, GO:1901360, GO:1901564",7.12559753047741
"8","black",TRUE,2.70918181050747e-06,57,146,9,0.0616438356164384,0.157894736842105,"GO:0042440","GO:BP","pigment metabolic process",16566,11798,"GO:0008152",7.20110508298555
"9","black",TRUE,7.01461711933398e-06,44,146,8,0.0547945205479452,0.181818181818182,"GO:0046148","GO:BP","pigment biosynthetic process",16566,13901,"GO:0042440",7.41935864900557
"10","black",TRUE,6.50171779034919e-05,23,146,6,0.0410958904109589,0.260869565217391,"GO:0042744","GO:BP","hydrogen peroxide catabolic process",16566,11965,"GO:0042743, GO:0044248",8.64802406592188
"11","black",TRUE,0.0011415981775872,36,146,6,0.0410958904109589,0.166666666666667,"GO:0015701","GO:BP","bicarbonate transport",16566,5392,"GO:0015711",7.80072620553468
"12","black",TRUE,0.00339636192761235,43,146,6,0.0410958904109589,0.13953488372093,"GO:0042743","GO:BP","hydrogen peroxide metabolic process",16566,11964,"GO:0072593",7.95487688536193
"13","black",TRUE,0.0126348421116347,15,146,4,0.0273972602739726,0.266666666666667,"GO:0015669","GO:BP","gas transport",16566,5368,"GO:0006810",8.83034562271583
"14","black",TRUE,0.0226803813400803,6,146,3,0.0205479452054795,0.5,"GO:0015670","GO:BP","carbon dioxide transport",16566,5369,"GO:0015669, GO:0019755",10.4397835351499
"15","black",TRUE,0.000757431795067586,12,155,4,0.0258064516129032,0.333333333333333,"GO:0005833","GO:CC","hemoglobin complex",17477,480,"GO:0005829, GO:0032991",8.36507585960172
"16","black",TRUE,0.0100775764664658,8,155,3,0.0193548387096774,0.375,"GO:0014731","GO:CC","spectrin-associated cytoskeleton",17477,837,"GO:0005856",9.05822304016166
"17","black",TRUE,0.029116851555104,11,155,3,0.0193548387096774,0.272727272727273,"GO:0031838","GO:CC","haptoglobin-hemoglobin complex",17477,1424,"GO:0032991",9.75137022072161
"18","black",TRUE,0.0243372577835357,8,160,3,0.01875,0.375,"GO:0030492","GO:MF","hemoglobin binding",17391,4878,"GO:0005515",9.34926718311761
"19","black",TRUE,0.0387242865134108,75,160,6,0.0375,0.08,"GO:0016209","GO:MF","antioxidant activity",17391,3464,"GO:0003674",6.39435690408388
"20","black",TRUE,0.0453103200554105,48,160,5,0.03125,0.104166666666667,"GO:0004601","GO:MF","peroxidase activity",17391,1193,"GO:0016209, GO:0016684",6.98841318199959
"21","black",TRUE,2.24933498700606e-08,42,82,9,0.109756097560976,0.214285714285714,"KEGG:00860","KEGG","Porphyrin and chlorophyll metabolism",8001,129,"KEGG:00000",NA
"22","black",TRUE,0.000317962897778056,156,82,10,0.121951219512195,0.0641025641025641,"KEGG:01240","KEGG","Biosynthesis of cofactors",8001,188,"KEGG:00000",NA
"23","black",TRUE,0.00279184473894589,1490,82,31,0.378048780487805,0.0208053691275168,"KEGG:01100","KEGG","Metabolic pathways",8001,180,"KEGG:00000",NA
"24","black",TRUE,3.06459156351567e-11,13,103,8,0.0776699029126214,0.615384615384615,"REAC:R-HSA-189451","REAC","Heme biosynthesis",10543,1018,"REAC:R-HSA-189445",NA
"25","black",TRUE,2.58982580741185e-10,24,103,9,0.087378640776699,0.375,"REAC:R-HSA-189445","REAC","Metabolism of porphyrins",10543,1310,"REAC:R-HSA-1430728",NA
"26","black",TRUE,2.0524694589909e-09,7,103,6,0.058252427184466,0.857142857142857,"REAC:R-HSA-1247673","REAC","Erythrocytes take up oxygen and release carbon dioxide",10543,783,"REAC:R-HSA-1480926",NA
"27","black",TRUE,1.31238673341801e-07,11,103,6,0.058252427184466,0.545454545454545,"REAC:R-HSA-1237044","REAC","Erythrocytes take up carbon dioxide and release oxygen",10543,782,"REAC:R-HSA-1480926",NA
"28","black",TRUE,1.31238673341801e-07,11,103,6,0.058252427184466,0.545454545454545,"REAC:R-HSA-1480926","REAC","O2/CO2 exchange in erythrocytes",10543,1490,"REAC:R-HSA-382551",NA
"29","brown",TRUE,0.0106728275003135,2,84,2,0.0238095238095238,1,"GO:0001641","GO:MF","group II metabotropic glutamate receptor activity",17391,307,"GO:0001640",10.2655579149918
"30","brown2",TRUE,4.87755951883445e-06,13691,118,114,0.966101694915254,0.00832663793733109,"GO:0005622","GO:CC","intracellular anatomical structure",17477,291,"GO:0110165",0.535768712823952
"31","brown2",TRUE,0.000775738716174006,10048,118,92,0.779661016949153,0.00915605095541401,"GO:0043231","GO:CC","intracellular membrane-bounded organelle",17477,2142,"GO:0043227, GO:0043229",1.06743453164193
"32","brown2",TRUE,0.000835571559919282,4037,118,50,0.423728813559322,0.012385434728759,"GO:0005654","GO:CC","nucleoplasm",17477,319,"GO:0031981, GO:0110165",2.82602063333852
"33","brown2",TRUE,0.000917424765202747,11301,118,99,0.838983050847458,0.00876028670029201,"GO:0043229","GO:CC","intracellular organelle",17477,2140,"GO:0005622",0.883484947044495
"34","brown2",TRUE,0.00627707087961249,4320,118,50,0.423728813559322,0.0115740740740741,"GO:0031981","GO:CC","nuclear lumen",17477,1461,"GO:0005634, GO:0043233, GO:0070013",2.48419377213271
"35","brown2",TRUE,0.0123254821901028,5201,118,56,0.474576271186441,0.0107671601615074,"GO:0070013","GO:CC","intracellular organelle lumen",17477,2735,"GO:0031974, GO:0043229",2.34223377680148
"36","brown2",TRUE,0.0131350080319797,11602,118,98,0.830508474576271,0.00844681951387692,"GO:0043227","GO:CC","membrane-bounded organelle",17477,2138,"GO:0043226",0.950314742956453
"37","brown2",TRUE,0.0148245825833709,5365,118,57,0.483050847457627,0.0106244175209692,"GO:0031974","GO:CC","membrane-enclosed lumen",17477,1455,"GO:0110165",2.31652234550961
"38","brown2",TRUE,0.0148245825833709,5365,118,57,0.483050847457627,0.0106244175209692,"GO:0043233","GO:CC","organelle lumen",17477,2144,"GO:0031974, GO:0043226",2.32959442707696
"39","brown4",TRUE,0.0205291629610604,133,54,6,0.111111111111111,0.0451127819548872,"KEGG:04270","KEGG","Vascular smooth muscle contraction",8001,277,"KEGG:00000",NA
"40","chocolate4",TRUE,0.0061052841359355,13691,114,106,0.929824561403509,0.0077423124680447,"GO:0005622","GO:CC","intracellular anatomical structure",17477,291,"GO:0110165",0.535768712823952
"41","chocolate4",TRUE,0.00834950755021214,10453,114,89,0.780701754385965,0.00851430211422558,"GO:0005737","GO:CC","cytoplasm",17477,392,"GO:0005622, GO:0110165",1.14744902579554
"42","coral",TRUE,0.0405469094024366,88,35,4,0.114285714285714,0.0454545454545455,"KEGG:04512","KEGG","ECM-receptor interaction",8001,293,"KEGG:00000",NA
"43","coral3",TRUE,0.0175633812660121,10048,110,83,0.754545454545455,0.00826035031847134,"GO:0043231","GO:CC","intracellular membrane-bounded organelle",17477,2142,"GO:0043227, GO:0043229",1.06743453164193
"44","coral3",TRUE,0.0313649884100949,12811,110,97,0.881818181818182,0.00757161814066037,"GO:0043226","GO:CC","organelle",17477,2137,"GO:0110165",0.760772938189011
"45","coral3",TRUE,0.0390395099117538,11301,110,89,0.809090909090909,0.00787540925581807,"GO:0043229","GO:CC","intracellular organelle",17477,2140,"GO:0005622",0.883484947044495
"46","coral4",TRUE,0.0106968737074455,427,115,12,0.104347826086957,0.0281030444964871,"GO:0019787","GO:MF","ubiquitin-like protein transferase activity",17391,4584,"GO:0016740, GO:0140096",4.63793680130113
"47","coral4",TRUE,0.0313456384167262,404,115,11,0.0956521739130435,0.0272277227722772,"GO:0004842","GO:MF","ubiquitin-protein transferase activity",17391,1409,"GO:0019787",4.70103750766907
"48","cyan",TRUE,0.00602599093566373,17,110,4,0.0363636363636364,0.235294117647059,"GO:0006474","GO:BP","N-terminal protein amino acid acetylation",16566,2464,"GO:0006473, GO:0031365, GO:0051604",8.69058368034067
"49","cyan",TRUE,0.0490033947171392,28,110,4,0.0363636363636364,0.142857142857143,"GO:0031365","GO:BP","N-terminal protein amino acid modification",16566,8313,"GO:0006464",8.16251625014018
"50","cyan",TRUE,0.000153107361093235,13691,119,113,0.949579831932773,0.00825359725367029,"GO:0005622","GO:CC","intracellular anatomical structure",17477,291,"GO:0110165",0.535768712823952
"51","cyan",TRUE,0.00566386619304709,11301,119,98,0.823529411764706,0.00867179895584461,"GO:0043229","GO:CC","intracellular organelle",17477,2140,"GO:0005622",0.883484947044495
"52","cyan",TRUE,0.00687631202310432,12811,119,106,0.890756302521008,0.00827413941144329,"GO:0043226","GO:CC","organelle",17477,2137,"GO:0110165",0.760772938189011
"53","cyan",TRUE,0.0127394702342103,10,119,3,0.0252100840336134,0.3,"GO:0031414","GO:CC","N-terminal protein acetyltransferase complex",17477,1333,"GO:0005737, GO:0031248",8.73976930904313
"54","cyan",TRUE,0.026564246272161,5009,119,54,0.453781512605042,0.0107805949291276,"GO:0005829","GO:CC","cytosol",17477,477,"GO:0005737, GO:0110165",2.92726832673672
"55","cyan",TRUE,0.0327316419743984,10453,119,91,0.764705882352941,0.00870563474600593,"GO:0005737","GO:CC","cytoplasm",17477,392,"GO:0005622, GO:0110165",1.14744902579554
"56","cyan",TRUE,0.000308708118569286,11,120,4,0.0333333333333333,0.363636363636364,"GO:0004596","GO:MF","peptide alpha-N-acetyltransferase activity",17391,1189,"GO:0034212",8.31964776593646
"57","darkolivegreen4",TRUE,0.0224305839588741,139,52,5,0.0961538461538462,0.0359712230215827,"GO:0031406","GO:MF","carboxylic acid binding",17391,5085,"GO:0043168",5.6021188208797
"58","darkorange",TRUE,0.0357623852685233,13691,137,124,0.905109489051095,0.00905704477393908,"GO:0005622","GO:CC","intracellular anatomical structure",17477,291,"GO:0110165",0.535768712823952
"59","darkorange",TRUE,0.0218856760177065,8,144,3,0.0208333333333333,0.375,"GO:1990763","GO:MF","arrestin family protein binding",17391,12199,"GO:0005515",Inf
"60","darkorange2",TRUE,0.000460205004716634,1461,112,28,0.25,0.0191649555099247,"GO:0015833","GO:BP","peptide transport",16566,5516,"GO:0042886, GO:0071702",5.85993115714613
"61","darkorange2",TRUE,0.000480857897340668,1030,112,23,0.205357142857143,0.0223300970873786,"GO:0006886","GO:BP","intracellular protein transport",16566,2842,"GO:0015031, GO:0034613, GO:0046907",4.69758195058979
"62","darkorange2",TRUE,0.000616212607288699,101,112,8,0.0714285714285714,0.0792079207920792,"GO:0036503","GO:BP","ERAD pathway",16566,11142,"GO:0010243, GO:0010498, GO:0034976",6.750904081036
"63","darkorange2",TRUE,0.0006510849088583,1486,112,28,0.25,0.018842530282638,"GO:0042886","GO:BP","amide transport",16566,12066,"GO:0071705",5.77870571722355
"64","darkorange2",TRUE,0.000860196366198218,1600,112,29,0.258928571428571,0.018125,"GO:0046907","GO:BP","intracellular transport",16566,14495,"GO:0006810, GO:0051641, GO:0051649",3.92618257313009
"65","darkorange2",TRUE,0.000897579471482447,2094,112,34,0.303571428571429,0.0162368672397326,"GO:0071702","GO:BP","organic substance transport",16566,19755,"GO:0006820",3.48181054000718
"66","darkorange2",TRUE,0.000926536672266444,1420,112,27,0.241071428571429,0.0190140845070423,"GO:0015031","GO:BP","protein transport",16566,5364,"GO:0015833, GO:0045184",4.07675543160947
"67","darkorange2",TRUE,0.00137628379166818,1733,112,30,0.267857142857143,0.0173110213502597,"GO:0071705","GO:BP","nitrogen compound transport",16566,19758,"GO:0006810",4.69597938614425
"68","darkorange2",TRUE,0.00171309692666749,80,112,7,0.0625,0.0875,"GO:0030433","GO:BP","ubiquitin-dependent ERAD pathway",16566,7865,"GO:0036503, GO:0043161",7.34874108179162
"69","darkorange2",TRUE,0.00177538752242715,157,112,9,0.0803571428571429,0.0573248407643312,"GO:0035967","GO:BP","cellular response to topologically incorrect protein",16566,10822,"GO:0033554, GO:0035966, GO:0071310",6.28874362925129
"70","darkorange2",TRUE,0.0023339428796119,2182,112,34,0.303571428571429,0.0155820348304308,"GO:0006820","GO:BP","anion transport",16566,2787,"GO:0006811",4.76646026797844
"71","darkorange2",TRUE,0.00284996103275746,14,112,4,0.0357142857142857,0.285714285714286,"GO:1904294","GO:BP","positive regulation of ERAD pathway",16566,27271,"GO:0036503, GO:1901800, GO:1904292, GO:1905898",8.99286455221361
"72","darkorange2",TRUE,0.00325385392690099,1515,112,27,0.241071428571429,0.0178217821782178,"GO:0045184","GO:BP","establishment of protein localization",16566,13212,"GO:0008104, GO:0051234",3.99764153711224
"73","darkorange2",TRUE,0.00363420929050043,273,112,11,0.0982142857142857,0.0402930402930403,"GO:0034976","GO:BP","response to endoplasmic reticulum stress",16566,10097,"GO:0033554",5.45789070991933
"74","darkorange2",TRUE,0.00525967433795732,179,112,9,0.0803571428571429,0.0502793296089385,"GO:0035966","GO:BP","response to topologically incorrect protein",16566,10821,"GO:0006950, GO:0010033",6.12229542161362
"75","darkorange2",TRUE,0.0133689844568321,20,112,4,0.0357142857142857,0.2,"GO:1904292","GO:BP","regulation of ERAD pathway",16566,27269,"GO:0036503, GO:0061136, GO:1905897",8.32957033480334
"76","darkorange2",TRUE,0.020991349836041,2518,112,35,0.3125,0.0138999205718824,"GO:0051649","GO:BP","establishment of localization in cell",16566,16065,"GO:0051234, GO:0051641",3.41602458041149
"77","darkorange2",TRUE,0.0212504203616183,2193,112,32,0.285714285714286,0.0145918832649339,"GO:0008104","GO:BP","protein localization",16566,3543,"GO:0033036",3.72228118328803
"78","darkorange2",TRUE,0.0215004597636753,46,112,5,0.0446428571428571,0.108695652173913,"GO:0032527","GO:BP","protein exit from endoplasmic reticulum",16566,8851,"GO:0006886",8.11250582956552
"79","darkorange2",TRUE,0.024345600233045,2535,112,35,0.3125,0.0138067061143984,"GO:0033036","GO:BP","macromolecule localization",16566,9236,"GO:0051179",3.5154169903626
"80","darkorange2",TRUE,0.00100777325228105,1621,113,27,0.238938053097345,0.0166563849475632,"GO:0005783","GO:CC","endoplasmic reticulum",17477,434,"GO:0005737, GO:0012505, GO:0043231",3.39266177832566
"81","darkorange2",TRUE,0.00470888108274196,124,113,7,0.0619469026548673,0.0564516129032258,"GO:0140534","GO:CC","endoplasmic reticulum protein-containing complex",17477,3977,"GO:0005783, GO:0032991",NA
"82","darkorange2",TRUE,0.00527720846626393,812,113,17,0.150442477876106,0.020935960591133,"GO:0005789","GO:CC","endoplasmic reticulum membrane",17477,440,"GO:0031090, GO:0042175, GO:0098827",4.11390562710305
"83","darkorange2",TRUE,0.00556390553785045,11602,113,95,0.84070796460177,0.00818824340630926,"GO:0043227","GO:CC","membrane-bounded organelle",17477,2138,"GO:0043226",0.950314742956453
"84","darkorange2",TRUE,0.00626883395925771,823,113,17,0.150442477876106,0.0206561360874848,"GO:0098827","GO:CC","endoplasmic reticulum subcompartment",17477,3653,"GO:0005783, GO:0031984",8.42961438073929
"85","darkorange2",TRUE,0.00687709016067177,829,113,17,0.150442477876106,0.0205066344993969,"GO:0042175","GO:CC","nuclear outer membrane-endoplasmic reticulum membrane network",17477,2032,"GO:0012505, GO:0016020",4.08667513477345
"86","darkorange2",TRUE,0.00888178672936883,1312,113,22,0.194690265486726,0.0167682926829268,"GO:0031984","GO:CC","organelle subcompartment",17477,1464,"GO:0043227, GO:0043229, GO:0110165",5.34160683107612
"87","darkorange2",TRUE,0.0188094180065525,12811,113,100,0.884955752212389,0.00780579189758801,"GO:0043226","GO:CC","organelle",17477,2137,"GO:0110165",0.760772938189011
"88","darkorange2",TRUE,0.0422262097192539,10048,113,84,0.743362831858407,0.00835987261146497,"GO:0043231","GO:CC","intracellular membrane-bounded organelle",17477,2142,"GO:0043227, GO:0043229",1.06743453164193
"89","darkorange2",TRUE,3.67017871119984e-08,170,63,13,0.206349206349206,0.0764705882352941,"KEGG:04141","KEGG","Protein processing in endoplasmic reticulum",8001,258,"KEGG:00000",NA
"90","darkorange2",TRUE,0.00214512183883428,23,63,4,0.0634920634920635,0.173913043478261,"KEGG:03060","KEGG","Protein export",8001,214,"KEGG:00000",NA
"91","darkseagreen3",TRUE,0.0228974527770394,784,110,17,0.154545454545455,0.0216836734693878,"GO:0006974","GO:BP","cellular response to DNA damage stimulus",16566,2917,"GO:0033554",4.3541458180247
"92","darkseagreen3",TRUE,0.0230899935342543,1822,110,28,0.254545454545455,0.0153677277716795,"GO:0033554","GO:BP","cellular response to stress",16566,9551,"GO:0006950, GO:0051716",3.50855589998265
"93","darkseagreen3",TRUE,0.00482628244516721,22,113,4,0.0353982300884956,0.181818181818182,"GO:0016799","GO:MF","hydrolase activity, hydrolyzing N-glycosyl compounds",17391,3782,"GO:0016798",7.34778718290749
"94","darkseagreen3",TRUE,0.0311344722644429,13,113,3,0.0265486725663717,0.230769230769231,"GO:0019104","GO:MF","DNA N-glycosylase activity",17391,4467,"GO:0016799, GO:0140097",7.73982927068351
"95","darkseagreen3",TRUE,0.00486520778222484,33,53,4,0.0754716981132075,0.121212121212121,"KEGG:03410","KEGG","Base excision repair",8001,217,"KEGG:00000",NA
"96","darkseagreen3",TRUE,0.0451014424448257,162,73,7,0.0958904109589041,0.0432098765432099,"REAC:R-HSA-2990846","REAC","SUMOylation",10543,1968,"REAC:R-HSA-597592",NA
"97","darkseagreen4",TRUE,0.0492071750187976,2,92,2,0.0217391304347826,1,"GO:0071846","GO:BP","actin filament debranching",16566,19834,"GO:0051014",Inf
"98","darkseagreen4",TRUE,0.0499389127724516,3,99,2,0.0202020202020202,0.666666666666667,"GO:0030060","GO:MF","L-malate dehydrogenase activity",17391,4751,"GO:0016615, GO:0016616",9.57241073443182
"99","darkseagreen4",TRUE,0.00991421100230753,131,49,6,0.122448979591837,0.0458015267175573,"KEGG:04068","KEGG","FoxO signaling pathway",8001,238,"KEGG:00000",NA
"100","darkturquoise",TRUE,0.0434142322177483,98,55,5,0.0909090909090909,0.0510204081632653,"KEGG:03015","KEGG","mRNA surveillance pathway",8001,207,"KEGG:00000",NA
"101","darkviolet",TRUE,0.0291107878735716,1346,136,24,0.176470588235294,0.0178306092124814,"GO:1902494","GO:CC","catalytic complex",17477,4005,"GO:0032991",3.96141004982435
"102","deeppink",TRUE,0.0439637096150985,87,36,4,0.111111111111111,0.0459770114942529,"KEGG:04260","KEGG","Cardiac muscle contraction",8001,275,"KEGG:00000",NA
"103","firebrick3",TRUE,0.0498919963788727,4,97,2,0.0206185567010309,0.5,"GO:0035976","GO:CC","transcription factor AP-1 complex",17477,1906,"GO:0090575",11.1376645818415
"104","firebrick3",TRUE,0.0189718210585088,68,94,5,0.0531914893617021,0.0735294117647059,"GO:0016782","GO:MF","transferase activity, transferring sulfur-containing groups",17391,3768,"GO:0016740",6.19653116075396
"105","firebrick3",TRUE,0.0354035442712937,3,61,2,0.0327868852459016,0.666666666666667,"REAC:R-HSA-1614603","REAC","Cysteine formation from homocysteine",10543,390,"REAC:R-HSA-1614635",NA
"106","firebrick4",TRUE,0.0105764134160247,5365,100,50,0.5,0.00931966449207828,"GO:0031974","GO:CC","membrane-enclosed lumen",17477,1455,"GO:0110165",2.31652234550961
"107","firebrick4",TRUE,0.0105764134160247,5365,100,50,0.5,0.00931966449207828,"GO:0043233","GO:CC","organelle lumen",17477,2144,"GO:0031974, GO:0043226",2.32959442707696
"108","firebrick4",TRUE,0.0232609673810923,5201,100,48,0.48,0.0092289944241492,"GO:0070013","GO:CC","intracellular organelle lumen",17477,2735,"GO:0031974, GO:0043229",2.34223377680148
"109","floralwhite",TRUE,0.0249002255384078,9,98,3,0.0306122448979592,0.333333333333333,"GO:0002328","GO:BP","pro-B cell differentiation",16566,992,"GO:0002320",9.42818262347145
"110","floralwhite",TRUE,0.00734076292810231,70,53,5,0.0943396226415094,0.0714285714285714,"KEGG:05230","KEGG","Central carbon metabolism in cancer",8001,453,"KEGG:00000",NA
"111","greenyellow",TRUE,0.0468269731421699,1898,95,23,0.242105263157895,0.012118018967334,"GO:0031410","GO:CC","cytoplasmic vesicle",17477,1331,"GO:0005737, GO:0097708",3.71111550944419
"112","greenyellow",TRUE,0.0471968034179428,1899,95,23,0.242105263157895,0.0121116377040548,"GO:0097708","GO:CC","intracellular vesicle",17477,3512,"GO:0005622, GO:0031982",NA
"113","greenyellow",TRUE,0.021739717688465,103,46,5,0.108695652173913,0.0485436893203883,"KEGG:04660","KEGG","T cell receptor signaling pathway",8001,317,"KEGG:00000",NA
"114","grey60",TRUE,0.0126232172396724,11602,97,82,0.845360824742268,0.00706774694018273,"GO:0043227","GO:CC","membrane-bounded organelle",17477,2138,"GO:0043226",0.950314742956453
"115","grey60",TRUE,0.0229553983852483,10048,97,74,0.762886597938144,0.00736464968152866,"GO:0043231","GO:CC","intracellular membrane-bounded organelle",17477,2142,"GO:0043227, GO:0043229",1.06743453164193
"116","grey60",TRUE,0.0257551579409443,170,45,6,0.133333333333333,0.0352941176470588,"KEGG:04141","KEGG","Protein processing in endoplasmic reticulum",8001,258,"KEGG:00000",NA
"117","honeydew",TRUE,0.0340083803559586,48,60,4,0.0666666666666667,0.0833333333333333,"KEGG:00280","KEGG","Valine, leucine and isoleucine degradation",8001,32,"KEGG:00000",NA
"118","indianred4",TRUE,0.0422655523017544,1263,134,25,0.186567164179104,0.0197941409342835,"GO:0001775","GO:BP","cell activation",16566,561,"GO:0009987",4.36846860655422
"119","indianred4",TRUE,0.0288819694307093,10453,140,105,0.75,0.0100449631684684,"GO:0005737","GO:CC","cytoplasm",17477,392,"GO:0005622, GO:0110165",1.14744902579554
"120","indianred4",TRUE,0.006955037190022,174,139,9,0.0647482014388489,0.0517241379310345,"GO:0005085","GO:MF","guanyl-nucleotide exchange factor activity",17391,1609,"GO:0030695",5.41744155039329
"121","indianred4",TRUE,0.0264902776122694,79,61,5,0.0819672131147541,0.0632911392405063,"KEGG:04662","KEGG","B cell receptor signaling pathway",8001,318,"KEGG:00000",NA
"122","indianred4",TRUE,0.0294529701070935,125,61,6,0.0983606557377049,0.048,"KEGG:04380","KEGG","Osteoclast differentiation",8001,288,"KEGG:00000",NA
"123","lavenderblush3",TRUE,0.0320031455678102,249,45,7,0.155555555555556,0.0281124497991968,"KEGG:05012","KEGG","Parkinson disease",8001,389,"KEGG:00000",NA
"124","lightcoral",TRUE,0.0455146612836372,10453,114,87,0.763157894736842,0.00832296948244523,"GO:0005737","GO:CC","cytoplasm",17477,392,"GO:0005622, GO:0110165",1.14744902579554
"125","lightcoral",TRUE,0.00364425869463259,21,112,4,0.0357142857142857,0.19047619047619,"GO:0019200","GO:MF","carbohydrate kinase activity",17391,4535,"GO:0016301",7.32111893582533
"126","lightcoral",TRUE,0.0214969092682469,48,53,4,0.0754716981132075,0.0833333333333333,"KEGG:00520","KEGG","Amino sugar and nucleotide sugar metabolism",8001,73,"KEGG:00000",NA
"127","lightcyan",TRUE,0.0353809004007762,182,106,8,0.0754716981132075,0.043956043956044,"GO:0006413","GO:BP","translational initiation",16566,2416,"GO:0006412, GO:0044237",5.90449947662601
"128","lightgreen",TRUE,0.0470372251706215,19,52,3,0.0576923076923077,0.157894736842105,"GO:1900118","GO:BP","negative regulation of execution phase of apoptosis",16566,23451,"GO:0043066, GO:0097194, GO:1900117",9.52349280327578
"129","lightgreen",TRUE,0.0243719220427269,30,53,3,0.0566037735849057,0.1,"GO:0097431","GO:CC","mitotic spindle pole",17477,3364,"GO:0000922, GO:0072686",9.19175443278618
"130","lightpink2",TRUE,0.00446299690354889,198,55,8,0.145454545454545,0.0404040404040404,"KEGG:05169","KEGG","Epstein-Barr virus infection",8001,427,"KEGG:00000",NA
"131","lightpink2",TRUE,0.028131672109937,46,54,4,0.0740740740740741,0.0869565217391304,"REAC:R-HSA-69231","REAC","Cyclin D associated events in G1",10543,388,"REAC:R-HSA-69236",NA
"132","lightpink2",TRUE,0.028131672109937,46,54,4,0.0740740740740741,0.0869565217391304,"REAC:R-HSA-69236","REAC","G1 Phase",10543,912,"REAC:R-HSA-453279",NA
"133","magenta3",TRUE,0.0125018764428728,278,102,10,0.0980392156862745,0.0359712230215827,"GO:0140014","GO:BP","mitotic nuclear division",16566,23016,"GO:0000280, GO:1903047",NA
"134","magenta3",TRUE,0.0423802492011359,390,102,11,0.107843137254902,0.0282051282051282,"GO:0000280","GO:BP","nuclear division",16566,120,"GO:0048285",5.13151583774873
"135","magenta3",TRUE,0.000826416170192284,13691,109,103,0.944954128440367,0.0075231904170623,"GO:0005622","GO:CC","intracellular anatomical structure",17477,291,"GO:0110165",0.535768712823952
"136","maroon",TRUE,0.00650178849886313,128,119,8,0.0672268907563025,0.0625,"GO:0002819","GO:BP","regulation of adaptive immune response",16566,1462,"GO:0002250, GO:0050776",6.70211391686657
"137","maroon",TRUE,0.0300465045788556,114,119,7,0.0588235294117647,0.0614035087719298,"GO:0002822","GO:BP","regulation of adaptive immune response based on somatic recombination of immune receptors built from immunoglobulin superfamily domains",16566,1465,"GO:0002460, GO:0002819",6.77622188902029
"138","mediumorchid",TRUE,0.0357795552282088,6,168,3,0.0178571428571429,0.5,"GO:0090063","GO:BP","positive regulation of microtubule nucleation",16566,21188,"GO:0007020, GO:0010968, GO:0031116",Inf
"139","mediumorchid",TRUE,0.00949119156228927,6,172,3,0.0174418604651163,0.5,"GO:0055131","GO:MF","C3HC4-type RING finger domain binding",17391,9611,"GO:0019904",9.16694562632366
"140","mediumpurple1",TRUE,0.0178803653531442,1365,99,20,0.202020202020202,0.0146520146520147,"GO:0005739","GO:CC","mitochondrion",17477,393,"GO:0005737, GO:0043231",3.22304687280082
"141","mediumpurple1",TRUE,0.0314013293458186,12811,99,88,0.888888888888889,0.00686909686987745,"GO:0043226","GO:CC","organelle",17477,2137,"GO:0110165",0.760772938189011
"142","mediumpurple1",TRUE,0.0491366813830344,2742,99,30,0.303030303030303,0.0109409190371991,"GO:0031090","GO:CC","organelle membrane",17477,1226,"GO:0016020, GO:0043227",2.67113330522749
"143","mediumpurple1",TRUE,0.0499041880175189,3,101,2,0.0198019801980198,0.666666666666667,"GO:0001018","GO:MF","mitochondrial promoter sequence-specific DNA binding",17391,155,"GO:0000976",Inf
"144","mediumpurple1",TRUE,0.0497724295702942,3,72,2,0.0277777777777778,0.666666666666667,"REAC:R-HSA-163282","REAC","Mitochondrial transcription initiation",10543,1344,"REAC:R-HSA-75944",NA
"145","mediumpurple2",TRUE,0.0097779063661203,190,83,8,0.0963855421686747,0.0421052631578947,"GO:0006612","GO:BP","protein targeting to membrane",16566,2597,"GO:0006605, GO:0090150",6.37075678091212
"146","mediumpurple2",TRUE,0.00979977413648424,324,83,10,0.120481927710843,0.0308641975308642,"GO:0090150","GO:BP","establishment of protein localization to membrane",16566,21269,"GO:0045184, GO:0072657",5.78820697634769
"147","mediumpurple2",TRUE,0.0125006389417899,91,83,6,0.072289156626506,0.0659340659340659,"GO:0006614","GO:BP","SRP-dependent cotranslational protein targeting to membrane",16566,2599,"GO:0006613, GO:0045047",7.11654769495749
"148","mediumpurple2",TRUE,0.0203554589547553,99,83,6,0.072289156626506,0.0606060606060606,"GO:0006613","GO:BP","cotranslational protein targeting to membrane",16566,2598,"GO:0006612",7.04695440315829
"149","mediumpurple2",TRUE,0.0335383532402865,108,83,6,0.072289156626506,0.0555555555555556,"GO:0045047","GO:BP","protein targeting to ER",16566,13143,"GO:0006605, GO:0072599",6.98189080981123
"150","mediumpurple2",TRUE,0.0412689904666006,112,83,6,0.072289156626506,0.0535714285714286,"GO:0072599","GO:BP","establishment of protein localization to endoplasmic reticulum",16566,20455,"GO:0070972, GO:0072594",6.95088057306867
"151","mediumpurple2",TRUE,0.00624711111630755,107,91,6,0.0659340659340659,0.0560747663551402,"GO:0022626","GO:CC","cytosolic ribosome",17477,1024,"GO:0005829, GO:0005840",6.35854108872997
"152","mediumpurple2",TRUE,0.01535715675029,184,91,7,0.0769230769230769,0.0380434782608696,"GO:0044391","GO:CC","ribosomal subunit",17477,2344,"GO:0005840, GO:1990904",5.83934721529346
"153","mediumpurple2",TRUE,0.0266153983155313,13691,91,85,0.934065934065934,0.00620845811116792,"GO:0005622","GO:CC","intracellular anatomical structure",17477,291,"GO:0110165",0.535768712823952
"154","mediumpurple2",TRUE,0.0307347406836282,628,91,12,0.131868131868132,0.0191082802547771,"GO:1990904","GO:CC","ribonucleoprotein complex",17477,4446,"GO:0032991",NA
"155","mediumpurple2",TRUE,0.0362930123179124,211,91,7,0.0769230769230769,0.033175355450237,"GO:0005840","GO:CC","ribosome",17477,487,"GO:0043232",5.43388210718529
"156","mediumpurple2",TRUE,0.0314915810664937,153,51,6,0.117647058823529,0.0392156862745098,"KEGG:03010","KEGG","Ribosome",8001,205,"KEGG:00000",NA
"157","mediumpurple2",TRUE,0.0480355960195069,231,51,7,0.137254901960784,0.0303030303030303,"KEGG:05171","KEGG","Coronavirus disease - COVID-19",8001,429,"KEGG:00000",NA
"158","mediumpurple2",TRUE,0.000632853706808878,94,65,7,0.107692307692308,0.074468085106383,"REAC:R-HSA-72764","REAC","Eukaryotic Translation Termination",10543,799,"REAC:R-HSA-72766",NA
"159","mediumpurple2",TRUE,0.00109848145285966,102,65,7,0.107692307692308,0.0686274509803922,"REAC:R-HSA-9633012","REAC","Response of EIF2AK4 (GCN2) to amino acid deficiency",10543,1903,"REAC:R-HSA-9711097",NA
"160","mediumpurple2",TRUE,0.00698849595287607,90,65,6,0.0923076923076923,0.0666666666666667,"REAC:R-HSA-192823","REAC","Viral mRNA Translation",10543,2422,"REAC:R-HSA-168273",NA
"161","mediumpurple2",TRUE,0.00698849595287607,90,65,6,0.0923076923076923,0.0666666666666667,"REAC:R-HSA-156902","REAC","Peptide chain elongation",10543,1575,"REAC:R-HSA-156842",NA
"162","mediumpurple2",TRUE,0.00896526721875289,94,65,6,0.0923076923076923,0.0638297872340425,"REAC:R-HSA-156842","REAC","Eukaryotic Translation Elongation",10543,797,"REAC:R-HSA-72766",NA
"163","mediumpurple2",TRUE,0.00896526721875289,94,65,6,0.0923076923076923,0.0638297872340425,"REAC:R-HSA-2408557","REAC","Selenocysteine synthesis",10543,1988,"REAC:R-HSA-2408522",NA
"164","mediumpurple2",TRUE,0.0101100969279327,96,65,6,0.0923076923076923,0.0625,"REAC:R-HSA-975956","REAC","Nonsense Mediated Decay (NMD) independent of the Exon Junction Complex (EJC)",10543,1468,"REAC:R-HSA-927802",NA
"165","mediumpurple2",TRUE,0.0142680868414374,102,65,6,0.0923076923076923,0.0588235294117647,"REAC:R-HSA-72689","REAC","Formation of a pool of free 40S subunits",10543,875,"REAC:R-HSA-72737",NA
"166","mediumpurple2",TRUE,0.0185777979464554,157,65,7,0.107692307692308,0.0445859872611465,"REAC:R-HSA-9711097","REAC","Cellular response to starvation",10543,315,"REAC:R-HSA-2262752",NA
"167","mediumpurple2",TRUE,0.0241621256513302,112,65,6,0.0923076923076923,0.0535714285714286,"REAC:R-HSA-156827","REAC","L13a-mediated translational silencing of Ceruloplasmin expression",10543,1186,"REAC:R-HSA-72613",NA
"168","mediumpurple2",TRUE,0.0253948574793946,113,65,6,0.0923076923076923,0.0530973451327434,"REAC:R-HSA-72706","REAC","GTP hydrolysis and joining of the 60S ribosomal subunit",10543,937,"REAC:R-HSA-72737",NA
"169","mediumpurple2",TRUE,0.0253948574793946,113,65,6,0.0923076923076923,0.0530973451327434,"REAC:R-HSA-1799339","REAC","SRP-dependent cotranslational protein targeting to membrane",10543,1959,"REAC:R-HSA-72766",NA
"170","mediumpurple2",TRUE,0.0293975976660979,116,65,6,0.0923076923076923,0.0517241379310345,"REAC:R-HSA-975957","REAC","Nonsense Mediated Decay (NMD) enhanced by the Exon Junction Complex (EJC)",10543,1467,"REAC:R-HSA-927802",NA
"171","mediumpurple2",TRUE,0.0293975976660979,116,65,6,0.0923076923076923,0.0517241379310345,"REAC:R-HSA-927802","REAC","Nonsense-Mediated Decay (NMD)",10543,1469,"REAC:R-HSA-8953854",NA
"172","mediumpurple2",TRUE,0.0308383379451425,117,65,6,0.0923076923076923,0.0512820512820513,"REAC:R-HSA-2408522","REAC","Selenoamino acid metabolism",10543,1987,"REAC:R-HSA-71291",NA
"173","mediumpurple2",TRUE,0.0355016858241242,120,65,6,0.0923076923076923,0.05,"REAC:R-HSA-72737","REAC","Cap-dependent Translation Initiation",10543,284,"REAC:R-HSA-72613",NA
"174","mediumpurple2",TRUE,0.0355016858241242,120,65,6,0.0923076923076923,0.05,"REAC:R-HSA-72613","REAC","Eukaryotic Translation Initiation",10543,798,"REAC:R-HSA-72766",NA
"175","mediumpurple2",TRUE,0.0414643245205678,546,65,12,0.184615384615385,0.021978021978022,"REAC:R-HSA-2262752","REAC","Cellular responses to stress",10543,317,"REAC:R-HSA-8953897",NA
"176","mediumpurple2",TRUE,0.048843099411949,183,65,7,0.107692307692308,0.0382513661202186,"REAC:R-HSA-6791226","REAC","Major pathway of rRNA processing in the nucleolus and cytosol",10543,1271,"REAC:R-HSA-8868773",NA
"177","mediumpurple3",TRUE,0.015738715870024,128,35,5,0.142857142857143,0.0390625,"KEGG:04142","KEGG","Lysosome",8001,259,"KEGG:00000",NA
"178","mediumpurple4",TRUE,0.0142988924183074,10,132,3,0.0227272727272727,0.3,"GO:0005687","GO:CC","U4 snRNP",17477,348,"GO:0097525",8.83507948884745
"179","midnightblue",TRUE,0.0130466335385206,153,44,6,0.136363636363636,0.0392156862745098,"KEGG:03010","KEGG","Ribosome",8001,205,"KEGG:00000",NA
"180","navajowhite",TRUE,0.0310516220304435,2341,107,32,0.299065420560748,0.0136693720632208,"GO:0009056","GO:BP","catabolic process",16566,3673,"GO:0008152",3.57415318246847
"181","navajowhite",TRUE,0.0329182557948952,1286,107,22,0.205607476635514,0.0171073094867807,"GO:0009057","GO:BP","macromolecule catabolic process",16566,3674,"GO:0043170, GO:1901575",4.24028907453779
"182","navajowhite",TRUE,0.0226741666917682,5009,111,51,0.459459459459459,0.0101816729886205,"GO:0005829","GO:CC","cytosol",17477,477,"GO:0005737, GO:0110165",2.92726832673672
"183","navajowhite",TRUE,0.00824968484539018,13927,117,110,0.94017094017094,0.00789832699073742,"GO:0005515","GO:MF","protein binding",17391,1889,"GO:0005488",1.0162372433747
"184","orange",TRUE,0.00497034534200838,65,86,5,0.0581395348837209,0.0769230769230769,"GO:0017053","GO:CC","transcription repressor complex",17477,922,"GO:0005667",6.82017646830519
"185","orangered1",TRUE,0.0459416566463238,54,27,3,0.111111111111111,0.0555555555555556,"KEGG:03460","KEGG","Fanconi anemia pathway",8001,222,"KEGG:00000",NA
"186","orangered3",TRUE,0.0297692793465991,9771,87,70,0.804597701149425,0.00716405690308054,"GO:0044237","GO:BP","cellular metabolic process",16566,12731,"GO:0008152, GO:0009987",1.33189125738454
"187","paleturquoise",TRUE,0.0212497912916052,422,129,12,0.0930232558139535,0.028436018957346,"GO:0005759","GO:CC","mitochondrial matrix",17477,411,"GO:0005739, GO:0043233, GO:0070013",5.03064169409924
"188","palevioletred1",TRUE,0.049818707657447,5,41,2,0.0487804878048781,0.4,"REAC:R-HSA-8935964","REAC","RUNX1 regulates expression of components of tight junctions",10543,1767,"REAC:R-HSA-8878171",NA
"189","palevioletred2",TRUE,0.00630055306578349,11602,78,68,0.871794871794872,0.00586105843820031,"GO:0043227","GO:CC","membrane-bounded organelle",17477,2138,"GO:0043226",0.950314742956453
"190","palevioletred3",TRUE,0.0170175893501292,21,113,4,0.0353982300884956,0.19047619047619,"GO:1902656","GO:BP","calcium ion import into cytosol",16566,25810,"GO:0060402, GO:0070509",11.1329307157099
"191","plum1",TRUE,0.00225263899137794,57,148,6,0.0405405405405405,0.105263157894737,"GO:0032587","GO:CC","ruffle membrane",17477,1555,"GO:0001726, GO:0031253, GO:0031256",6.78095575515191
"192","plum1",TRUE,0.0241814339022711,22,153,4,0.0261437908496732,0.181818181818182,"GO:0001968","GO:MF","fibronectin binding",17391,368,"GO:0005515",7.62650058537651
"193","plum2",TRUE,0.0468001040761909,158,93,7,0.0752688172043011,0.0443037974683544,"GO:0061136","GO:BP","regulation of proteasomal protein catabolic process",16566,17937,"GO:0010498, GO:1903050",6.25773339250873
"194","plum3",TRUE,0.00450413554161477,7,76,3,0.0394736842105263,0.428571428571429,"REAC:R-HSA-5652084","REAC","Fructose metabolism",10543,895,"REAC:R-HSA-71387",NA
"195","plum3",TRUE,0.0187170359478687,2,76,2,0.0263157894736842,1,"REAC:R-HSA-5652227","REAC","Fructose biosynthesis",10543,893,"REAC:R-HSA-5652084",NA
"196","purple",TRUE,0.00596429445387934,4,161,3,0.0186335403726708,0.75,"GO:0097490","GO:BP","sympathetic neuron projection extension",16566,21959,"GO:1990138",10.4397835351499
"197","purple",TRUE,0.00596429445387934,4,161,3,0.0186335403726708,0.75,"GO:0097491","GO:BP","sympathetic neuron projection guidance",16566,21960,"GO:0097485",10.4397835351499
"198","purple",TRUE,0.0433045442179356,116,171,7,0.0409356725146199,0.0603448275862069,"GO:0001726","GO:CC","ruffle",17477,192,"GO:0031252, GO:0120025",6.01370060243824
"199","purple",TRUE,0.0220556606407345,156,116,9,0.0775862068965517,0.0576923076923077,"REAC:R-HSA-3108232","REAC","SUMO E3 ligases SUMOylate target proteins",10543,1964,"REAC:R-HSA-2990846",NA
"200","purple",TRUE,0.0295817687887555,162,116,9,0.0775862068965517,0.0555555555555556,"REAC:R-HSA-2990846","REAC","SUMOylation",10543,1968,"REAC:R-HSA-597592",NA
"201","purple",TRUE,0.0333759836728345,41,116,5,0.0431034482758621,0.121951219512195,"REAC:R-HSA-3899300","REAC","SUMOylation of transcription cofactors",10543,1977,"REAC:R-HSA-3108232",NA
"202","royalblue",TRUE,0.0113723438058715,68,60,5,0.0833333333333333,0.0735294117647059,"KEGG:05211","KEGG","Renal cell carcinoma",8001,437,"KEGG:00000",NA
"203","royalblue",TRUE,0.0307340409317958,84,60,5,0.0833333333333333,0.0595238095238095,"KEGG:04012","KEGG","ErbB signaling pathway",8001,225,"KEGG:00000",NA
"204","royalblue",TRUE,0.0387917633433937,249,60,8,0.133333333333333,0.0321285140562249,"KEGG:05132","KEGG","Salmonella infection",8001,406,"KEGG:00000",NA
"205","royalblue",TRUE,0.0390921164095181,13,77,3,0.038961038961039,0.230769230769231,"REAC:R-HSA-428540","REAC","Activation of RAC1",10543,88,"REAC:R-HSA-376176",NA
"206","salmon1",TRUE,0.00835692402081732,2,92,2,0.0217391304347826,1,"GO:1990730","GO:CC","VCP-NSFL1C complex",17477,4400,"GO:0005737, GO:0032991",10.4445174012816
"207","salmon4",TRUE,0.0321720503047267,210,118,9,0.076271186440678,0.0428571428571429,"GO:0000956","GO:BP","nuclear-transcribed mRNA catabolic process",16566,332,"GO:0006402",5.98543623889643
"208","salmon4",TRUE,0.0116178153604213,13691,118,109,0.923728813559322,0.0079614345190271,"GO:0005622","GO:CC","intracellular anatomical structure",17477,291,"GO:0110165",0.535768712823952
"209","salmon4",TRUE,0.0171320099091752,11301,118,96,0.813559322033898,0.00849482346694983,"GO:0043229","GO:CC","intracellular organelle",17477,2140,"GO:0005622",0.883484947044495
"210","salmon4",TRUE,0.027281471886229,10048,118,88,0.745762711864407,0.00875796178343949,"GO:0043231","GO:CC","intracellular membrane-bounded organelle",17477,2142,"GO:0043227, GO:0043229",1.06743453164193
"211","salmon4",TRUE,0.0405063195366717,131,62,6,0.0967741935483871,0.0458015267175573,"KEGG:04068","KEGG","FoxO signaling pathway",8001,238,"KEGG:00000",NA
"212","sienna3",TRUE,0.00335054441498094,2,64,2,0.03125,1,"GO:0045025","GO:CC","mitochondrial degradosome",17477,2435,"GO:0000177, GO:0098798",10.4445174012816
"213","sienna3",TRUE,0.0227730914732016,24,64,3,0.046875,0.125,"GO:1905354","GO:CC","exoribonuclease complex",17477,4090,"GO:1902494",NA
"214","sienna3",TRUE,0.0227730914732016,24,64,3,0.046875,0.125,"GO:0000178","GO:CC","exosome (RNase complex)",17477,33,"GO:0005622, GO:1905354",7.28751698013144
"215","skyblue2",TRUE,0.00834740865043773,111,93,6,0.0645161290322581,0.0540540540540541,"GO:0005814","GO:CC","centriole",17477,463,"GO:0005815, GO:0043232",6.56295360333811
"216","skyblue3",TRUE,0.0262387809385964,51,105,5,0.0476190476190476,0.0980392156862745,"GO:0006120","GO:BP","mitochondrial electron transport, NADH to ubiquinone",16566,2157,"GO:0022904, GO:0042775",7.99743649978073
"217","skyblue3",TRUE,0.000180920158457745,50,109,6,0.055045871559633,0.12,"GO:0045271","GO:CC","respiratory chain complex I",17477,2489,"GO:0030964, GO:0098803",6.74321542716906
"218","skyblue3",TRUE,0.000180920158457745,50,109,6,0.055045871559633,0.12,"GO:0030964","GO:CC","NADH dehydrogenase complex",17477,1194,"GO:0098796, GO:1990204",6.74321542716906
"219","skyblue3",TRUE,0.000180920158457745,50,109,6,0.055045871559633,0.12,"GO:0005747","GO:CC","mitochondrial respiratory chain complex I",17477,401,"GO:0005746, GO:0045271, GO:0098800",6.74321542716906
"220","skyblue3",TRUE,0.000741042616689297,140,109,8,0.073394495412844,0.0571428571428571,"GO:0098800","GO:CC","inner mitochondrial membrane protein complex",17477,3646,"GO:0005743, GO:0098796, GO:0098798",6.04391438103473
"221","skyblue3",TRUE,0.00140429739697191,259,109,10,0.0917431192660551,0.0386100386100386,"GO:0098798","GO:CC","mitochondrial protein-containing complex",17477,3644,"GO:0005739, GO:0032991",5.844359757117
"222","skyblue3",TRUE,0.00339201083786435,82,109,6,0.055045871559633,0.0731707317073171,"GO:0098803","GO:CC","respiratory chain complex",17477,3648,"GO:0070469, GO:0098796",6.46483574737959
"223","skyblue3",TRUE,0.00389806761328738,84,109,6,0.055045871559633,0.0714285714285714,"GO:0005746","GO:CC","mitochondrial respirasome",17477,400,"GO:0005743, GO:0070469",6.36697995737583
"224","skyblue3",TRUE,0.00617056884432246,91,109,6,0.055045871559633,0.0659340659340659,"GO:0070469","GO:CC","respirasome",17477,2840,"GO:0016020, GO:0110165",6.28563431792188
"225","skyblue3",TRUE,0.0065767869784104,605,109,14,0.128440366972477,0.0231404958677686,"GO:0005740","GO:CC","mitochondrial envelope",17477,394,"GO:0005739, GO:0031967",4.23090980319294
"226","skyblue3",TRUE,0.0124599448668918,103,109,6,0.055045871559633,0.058252427184466,"GO:1990204","GO:CC","oxidoreductase complex",17477,4198,"GO:1902494",6.18890469146333
"227","skyblue3",TRUE,0.00252003797371315,42,107,5,0.0467289719626168,0.119047619047619,"GO:0050136","GO:MF","NADH dehydrogenase (quinone) activity",17391,8570,"GO:0003954, GO:0003955",7.22103547726835
"228","skyblue3",TRUE,0.00252003797371315,42,107,5,0.0467289719626168,0.119047619047619,"GO:0008137","GO:MF","NADH dehydrogenase (ubiquinone) activity",17391,2004,"GO:0009055, GO:0050136",7.22103547726835
"229","skyblue3",TRUE,0.00252003797371315,42,107,5,0.0467289719626168,0.119047619047619,"GO:0003954","GO:MF","NADH dehydrogenase activity",17391,634,"GO:0016651",7.04668209012357
"230","skyblue3",TRUE,0.00356672859406909,45,107,5,0.0467289719626168,0.111111111111111,"GO:0003955","GO:MF","NAD(P)H dehydrogenase (quinone) activity",17391,635,"GO:0016655",10.2655579149918
"231","skyblue3",TRUE,0.0115283585414019,57,107,5,0.0467289719626168,0.087719298245614,"GO:0016655","GO:MF","oxidoreductase activity, acting on NAD(P)H, quinone or similar compound as acceptor",17391,3652,"GO:0016651",6.88116765164599
"232","skyblue3",TRUE,0.0138676885158226,98,107,6,0.0560747663551402,0.0612244897959184,"GO:0016651","GO:MF","oxidoreductase activity, acting on NAD(P)H",17391,3649,"GO:0016491",6.13039135824941
"233","skyblue3",TRUE,0.00151281103584997,133,51,7,0.137254901960784,0.0526315789473684,"KEGG:00190","KEGG","Oxidative phosphorylation",8001,19,"KEGG:00000",NA
"234","skyblue3",TRUE,0.00184407590459493,249,51,9,0.176470588235294,0.036144578313253,"KEGG:05012","KEGG","Parkinson disease",8001,389,"KEGG:00000",NA
"235","skyblue3",TRUE,0.00299422194418739,203,51,8,0.156862745098039,0.0394088669950739,"KEGG:05415","KEGG","Diabetic cardiomyopathy",8001,467,"KEGG:00000",NA
"236","skyblue3",TRUE,0.00381002510769297,273,51,9,0.176470588235294,0.032967032967033,"KEGG:05020","KEGG","Prion disease",8001,393,"KEGG:00000",NA
"237","skyblue3",TRUE,0.00632142231645543,363,51,10,0.196078431372549,0.0275482093663912,"KEGG:05014","KEGG","Amyotrophic lateral sclerosis",8001,390,"KEGG:00000",NA
"238","skyblue3",TRUE,0.00725130721427646,369,51,10,0.196078431372549,0.02710027100271,"KEGG:05010","KEGG","Alzheimer disease",8001,388,"KEGG:00000",NA
"239","skyblue3",TRUE,0.00920830895504798,306,51,9,0.176470588235294,0.0294117647058824,"KEGG:05016","KEGG","Huntington disease",8001,391,"KEGG:00000",NA
"240","skyblue3",TRUE,0.0125755621556686,475,51,11,0.215686274509804,0.0231578947368421,"KEGG:05022","KEGG","Pathways of neurodegeneration - multiple diseases",8001,394,"KEGG:00000",NA
"241","skyblue3",TRUE,0.0263415437236852,148,51,6,0.117647058823529,0.0405405405405405,"KEGG:04723","KEGG","Retrograde endocannabinoid signaling",8001,332,"KEGG:00000",NA
"242","skyblue3",TRUE,0.0283152457367119,150,51,6,0.117647058823529,0.04,"KEGG:04932","KEGG","Non-alcoholic fatty liver disease",8001,367,"KEGG:00000",NA
"243","skyblue3",TRUE,0.0492902355878541,232,51,7,0.137254901960784,0.0301724137931034,"KEGG:04714","KEGG","Thermogenesis",8001,328,"KEGG:00000",NA
"244","skyblue3",TRUE,0.00908002957873374,55,66,5,0.0757575757575758,0.0909090909090909,"REAC:R-HSA-6799198","REAC","Complex I biogenesis",10543,360,"REAC:R-HSA-611105",NA
"245","skyblue3",TRUE,0.0482578976277452,124,66,6,0.0909090909090909,0.0483870967741935,"REAC:R-HSA-163200","REAC","Respiratory electron transport, ATP synthesis by chemiosmotic coupling, and heat production by uncoupling proteins.",10543,1901,"REAC:R-HSA-1428517",NA
"246","slateblue",TRUE,0.0493303866990928,2,86,2,0.0232558139534884,1,"GO:0021960","GO:BP","anterior commissure morphogenesis",16566,7523,"GO:0021537, GO:0021952",10.2166399838357
"247","slateblue",TRUE,0.0415904265745822,3,88,2,0.0227272727272727,0.666666666666667,"GO:0004473","GO:MF","malate dehydrogenase (decarboxylating) (NADP+) activity",17391,1083,"GO:0004470, GO:0016616",9.8600928068836
"248","steelblue",TRUE,0.0213889111264982,69,64,5,0.078125,0.072463768115942,"REAC:R-HSA-159236","REAC","Transport of Mature mRNA derived from an Intron-Containing Transcript",10543,2362,"REAC:R-HSA-72202",NA
"249","steelblue",TRUE,0.0297790105550794,235,64,8,0.125,0.0340425531914894,"REAC:R-HSA-72203","REAC","Processing of Capped Intron-Containing Pre-mRNA",10543,1647,"REAC:R-HSA-8953854",NA
"250","steelblue",TRUE,0.0385286928510334,78,64,5,0.078125,0.0641025641025641,"REAC:R-HSA-72202","REAC","Transport of Mature Transcript to Cytoplasm",10543,2360,"REAC:R-HSA-72203",NA
"251","tan",TRUE,0.00436921086178033,2070,75,31,0.413333333333333,0.014975845410628,"REAC:R-HSA-1430728","REAC","Metabolism",10543,1293,"REAC:0000000",NA
"252","thistle",TRUE,0.0250190071390621,3,94,2,0.0212765957446809,0.666666666666667,"GO:0032444","GO:CC","activin responsive factor complex",17477,1540,"GO:0090575",10.0390522931734
"253","thistle",TRUE,0.0476077821182843,16,96,3,0.03125,0.1875,"GO:0015556","GO:MF","C4-dicarboxylate transmembrane transporter activity",17391,3325,"GO:0008514",8.87926355387188
"254","thistle3",TRUE,0.0421870206386632,666,104,13,0.125,0.0195195195195195,"GO:0005773","GO:CC","vacuole",17477,424,"GO:0005737, GO:0043231",4.4809380576631
"255","thistle3",TRUE,0.0446461046442007,10453,104,80,0.769230769230769,0.00765330527121401,"GO:0005737","GO:CC","cytoplasm",17477,392,"GO:0005622, GO:0110165",1.14744902579554
"256","turquoise",TRUE,0.000755367960424656,13691,84,81,0.964285714285714,0.00591629537652472,"GO:0005622","GO:CC","intracellular anatomical structure",17477,291,"GO:0110165",0.535768712823952
"257","turquoise",TRUE,0.00106934351682951,11301,84,73,0.869047619047619,0.00645960534465976,"GO:0043229","GO:CC","intracellular organelle",17477,2140,"GO:0005622",0.883484947044495
"258","turquoise",TRUE,0.00378637866847021,10048,84,67,0.797619047619048,0.00666799363057325,"GO:0043231","GO:CC","intracellular membrane-bounded organelle",17477,2142,"GO:0043227, GO:0043229",1.06743453164193
"259","turquoise",TRUE,0.0332127075968955,6641,84,49,0.583333333333333,0.00737840686643578,"GO:0005634","GO:CC","nucleus",17477,302,"GO:0043231",1.71060122635403
"260","white",TRUE,0.003013224485157,105,131,8,0.0610687022900763,0.0761904761904762,"GO:0009612","GO:BP","response to mechanical stimulus",16566,3998,"GO:0009605, GO:0009628",6.48853981656851
"261","white",TRUE,0.023311766896477,70,68,5,0.0735294117647059,0.0714285714285714,"KEGG:04622","KEGG","RIG-I-like receptor signaling pathway",8001,306,"KEGG:00000",NA
"262","yellow",TRUE,0.0295795101959414,13691,126,115,0.912698412698413,0.00839967862099189,"GO:0005622","GO:CC","intracellular anatomical structure",17477,291,"GO:0110165",0.535768712823952
"263","yellow",TRUE,0.0300355091131369,11602,126,103,0.817460317460317,0.00887777969315635,"GO:0043227","GO:CC","membrane-bounded organelle",17477,2138,"GO:0043226",0.950314742956453
"264","yellow",TRUE,0.0485821104765463,70,126,5,0.0396825396825397,0.0714285714285714,"GO:0016605","GO:CC","PML body",17477,908,"GO:0016604",6.57331639037366
"265","yellow",TRUE,0.0399642171966352,47,64,4,0.0625,0.0851063829787234,"KEGG:04973","KEGG","Carbohydrate digestion and absorption",8001,381,"KEGG:00000",NA
"266","yellow4",TRUE,0.0155576143271478,1365,106,21,0.19811320754717,0.0153846153846154,"GO:0005739","GO:CC","mitochondrion",17477,393,"GO:0005737, GO:0043231",3.22304687280082
"267","yellow4",TRUE,0.0384121974116572,11301,106,86,0.811320754716981,0.00760994602247589,"GO:0043229","GO:CC","intracellular organelle",17477,2140,"GO:0005622",0.883484947044495
"268","yellowgreen",TRUE,0.00678877282842164,239,37,7,0.189189189189189,0.0292887029288703,"KEGG:04020","KEGG","Calcium signaling pathway",8001,230,"KEGG:00000",NA
