ensgene	name	module	mm
AOC1	AOC1	coral4	0.53488606496267
H1-3	H1-3	coral4	0.25194771223234
PUDP	PUDP	coral4	0.716304078645178
MARS1	MARS1	coral4	0.624045733907517
H2BC21	H2BC21	coral4	0.166152357259056
INKA1	INKA1	coral4	0.754835520168052
OGA	OGA	coral4	0.0653327743176061
NAXD	NAXD	coral4	0.780473555363725
HNRNPA1P41	HNRNPA1P41	coral4	0.0291974440816315
KIF28P	KIF28P	coral4	0.0256182787499414
RPS24P13	RPS24P13	coral4	0.225837462799334
RPL7AP53	RPL7AP53	coral4	0.344436986202936
C8orf88	C8orf88	coral4	0.462693143140826
PHBP19	PHBP19	coral4	0.0932696753888808
RHEX	RHEX	coral4	0.946868355665105
YTHDF2P1	YTHDF2P1	coral4	0.0269199980185566
VPS50	VPS50	thistle1	0.526831653577273
RTF2	RTF2	thistle1	0.288670610281756
SARS1	SARS1	thistle1	0.167860159726926
EIPR1	EIPR1	thistle1	0.155469291273958
ADGRL1	ADGRL1	thistle1	0.24386194602053
H2BW2	H2BW2	thistle1	0.881116557733611
SELENOK	SELENOK	thistle1	0.404568383300792
NADK2	NADK2	thistle1	0.242712023913354
PABIR2	PABIR2	thistle1	0.321501145491934
MOSMO	MOSMO	thistle1	0.502749135084475
GGTA1	GGTA1	thistle1	0.421600497004499
FRG1JP	FRG1JP	thistle1	0.733375316413107
CYP2T1P	CYP2T1P	thistle1	0.2233010363809
GSTA9P	GSTA9P	thistle1	0.450732612213386
RPS4XP14	RPS4XP14	thistle1	0.0273013972259879
NPIPB8	NPIPB8	thistle1	0.0651327006853115
FRG1EP	FRG1EP	thistle1	0.644649889312947
MCUB	MCUB	indianred4	0.367729186299378
GATB	GATB	indianred4	0.0476404505111607
CARMIL1	CARMIL1	indianred4	0.204816994881757
DELE1	DELE1	indianred4	0.167400146620146
MTG2	MTG2	indianred4	0.197712882712107
ARMH3	ARMH3	indianred4	0.896153656428486
COQ8B	COQ8B	indianred4	0.261594536517052
CARF	CARF	indianred4	0.703963056623753
WARS1	WARS1	indianred4	0.495371008669272
NECTIN4	NECTIN4	indianred4	0.197050864034098
NPIPB15	NPIPB15	indianred4	0.440179258348288
MRTFA	MRTFA	indianred4	0.765906974804032
CIPC	CIPC	indianred4	0.882291822488927
MFSD13B	MFSD13B	indianred4	0.448680291196871
FAM238A	FAM238A	indianred4	0.14306135120844
ACTL11P	ACTL11P	indianred4	0.641373894852448
SMG1P7	SMG1P7	indianred4	0.445385575449909
MROH7-TTC4	MROH7-TTC4	indianred4	0.455118796622127
REXO5	REXO5	salmon2	0.0611755956679024
ACP3	ACP3	salmon2	0.110733667895195
DENND10	DENND10	salmon2	0.296227245521122
SEPTIN7	SEPTIN7	salmon2	0.583346163660847
ATG101	ATG101	salmon2	0.542275356183602
ZNF767P	ZNF767P	salmon2	0.0923957203890891
MARCHF6	MARCHF6	salmon2	0.0907537489751773
OBI1	OBI1	salmon2	0.394509332775698
SEPTIN2	SEPTIN2	salmon2	0.224306247965551
NEMP2	NEMP2	salmon2	0.369660628798569
NPIPB6	NPIPB6	salmon2	0.0921644168214285
CYP2D7	CYP2D7	salmon2	0.0312286199667739
RPL11P3	RPL11P3	salmon2	0.512807433436048
TXNP5	TXNP5	salmon2	0.164510907977228
RPS29P5	RPS29P5	salmon2	0.991150312870875
PDE4DIPP7	PDE4DIPP7	salmon2	0.146863152711115
CASTOR1	CASTOR1	salmon2	0.397531607376942
SEPTIN7P14	SEPTIN7P14	salmon2	0.941462685504691
NSA2P6	NSA2P6	salmon2	0.984474035493186
CLEC4O	CLEC4O	salmon2	0.43242071337089
TSPOAP1	TSPOAP1	darkorange	0.659207934741996
RTRAF	RTRAF	darkorange	0.55888231952819
WASHC4	WASHC4	darkorange	0.260331749248681
HNRNPLL	HNRNPLL	darkorange	0.697488662881162
CFAP20DC	CFAP20DC	darkorange	0.242200030940358
ATP5F1C	ATP5F1C	darkorange	0.378676619401026
H2AX	H2AX	darkorange	0.345699494891694
CEP43	CEP43	darkorange	0.908197211882383
NOP56P1	NOP56P1	darkorange	0.408486909771178
RPL24P8	RPL24P8	darkorange	0.569363471264946
PSMC2P1	PSMC2P1	darkorange	0.806132578510355
ELOCP19	ELOCP19	darkorange	0.553470732216797
PPIAP41	PPIAP41	darkorange	0.0246746108799214
RARS1P1	RARS1P1	darkorange	0.547428281549284
FIGNL2	FIGNL2	darkorange	0.199369944230691
ADGRE4P	ADGRE4P	darkorange	0.0920044966627511
OR6U2P	OR6U2P	darkorange	0.565248822240019
TBC1D3I	TBC1D3I	darkorange	0.778137481154517
UPK3BL2	UPK3BL2	darkorange	0.0272053334048153
KMT2E	KMT2E	mediumorchid	0.841536104038717
PLPP1	PLPP1	mediumorchid	0.512171111838273
KMT2A	KMT2A	mediumorchid	0.607470954673351
MTERF2	MTERF2	mediumorchid	0.122609212454799
WASHC3	WASHC3	mediumorchid	0.0283581244137799
SLF1	SLF1	mediumorchid	0.679064951179803
CTSL	CTSL	mediumorchid	0.882331442476439
SEPTIN11	SEPTIN11	mediumorchid	0.404073456571552
RUBCN	RUBCN	mediumorchid	0.309138395248154
NIPSNAP2	NIPSNAP2	mediumorchid	0.609897410348017
CCAR2	CCAR2	mediumorchid	0.147738618126468
KASH5	KASH5	mediumorchid	0.447893749994479
PLPP3	PLPP3	mediumorchid	0.958288945729563
ANKRD20A4P	ANKRD20A4P	mediumorchid	0.697436670271398
ZNRD2	ZNRD2	mediumorchid	0.684075708101487
ADGRD2	ADGRD2	mediumorchid	0.588729664394158
KIRREL1	KIRREL1	mediumorchid	0.0410824800078046
CFAP45	CFAP45	mediumorchid	0.0259225225187576
TPT1P4	TPT1P4	mediumorchid	0.0315030047684135
WASH8P	WASH8P	mediumorchid	0.14895706135727
ZNF731P	ZNF731P	mediumorchid	0.626844953149118
GPAA1P2	GPAA1P2	mediumorchid	0.171855572555599
RPL7P21	RPL7P21	mediumorchid	0.0360733112882937
GTF2IP4	GTF2IP4	mediumorchid	0.647150320054466
AARSD1P1	AARSD1P1	mediumorchid	0.0462170477876344
RPS13P4	RPS13P4	mediumorchid	0.0283014653961959
KRT18P41	KRT18P41	mediumorchid	0.0358305046325005
RDM1P5	RDM1P5	mediumorchid	0.703645043444785
NCBP2AS2	NCBP2AS2	mediumorchid	0.286578305691593
DUS4L-BCAP29	DUS4L-BCAP29	mediumorchid	0.0269827967227824
REX1BD	REX1BD	skyblue	0.613541624644659
KCNN1	KCNN1	skyblue	0.448678589281361
MTRES1	MTRES1	skyblue	0.728611943504444
KYAT3	KYAT3	skyblue	0.0813832307473015
MINDY1	MINDY1	skyblue	0.313127711262538
RETREG2	RETREG2	skyblue	0.193214821218481
CENPC	CENPC	skyblue	0.207602129306791
CYSRT1	CYSRT1	skyblue	0.186019420292359
IQANK1	IQANK1	skyblue	0.421687573864203
DYNLT2B	DYNLT2B	skyblue	0.284014462406489
RPLP1P5	RPLP1P5	skyblue	0.530447115510791
RPS15AP17	RPS15AP17	skyblue	0.728492479601046
RPS15AP6	RPS15AP6	skyblue	0.0320512080519389
RPS15AP11	RPS15AP11	skyblue	0.644302272056272
RPS15AP38	RPS15AP38	skyblue	0.818189025882294
ARL4AP2	ARL4AP2	skyblue	0.885246273061503
MYL12AP1	MYL12AP1	skyblue	0.621820389418431
UBE2Q2L	UBE2Q2L	skyblue	0.0280494460784247
RPL21P136	RPL21P136	skyblue	0.0826084209690839
KDM7A	KDM7A	sienna4	0.64076714208449
SLC66A2	SLC66A2	sienna4	0.896343236241983
TMEM35A	TMEM35A	sienna4	0.144568743490017
PLPP2	PLPP2	sienna4	0.530780941996917
MIGA2	MIGA2	sienna4	0.495242336469395
TAMALIN	TAMALIN	sienna4	0.717569037203067
CGAS	CGAS	sienna4	0.586406341894066
VIRMA	VIRMA	sienna4	0.214001773683573
ATP5PD	ATP5PD	sienna4	0.328751597541827
ERFE	ERFE	sienna4	0.195846968194932
SEPTIN9	SEPTIN9	sienna4	0.592569976565104
H2AC11	H2AC11	sienna4	0.383713192106044
MYL12BP3	MYL12BP3	sienna4	0.123027653528715
RPS24P21	RPS24P21	sienna4	0.769277844570571
CFAP97D1	CFAP97D1	sienna4	0.939864478393793
RPL23AP35	RPL23AP35	sienna4	0.379836469270848
RPS15P4	RPS15P4	sienna4	0.560611658207166
NT5DC1P1	NT5DC1P1	sienna4	0.0675829660231907
RPL36AP21	RPL36AP21	sienna4	0.208812940839591
PABPC1P4	PABPC1P4	sienna4	0.0257550838601321
DENND11	DENND11	sienna4	0.379922430272904
INAFM1	INAFM1	sienna4	0.976932030863764
CRAMP1	CRAMP1	violet	0.671865453418331
EDRF1	EDRF1	violet	0.978131990574034
TXLNGY	TXLNGY	violet	0.687318238915472
ACKR3	ACKR3	violet	0.0371982927988575
NPIPB12	NPIPB12	violet	0.556047006624561
CATSPERE	CATSPERE	violet	0.381245699191949
RPSAP6	RPSAP6	violet	0.262049857782309
RPS27AP12	RPS27AP12	violet	0.422302514556214
RPS14P5	RPS14P5	violet	0.981271355941829
NAMPTP1	NAMPTP1	violet	0.389590155566577
MTCO3P21	MTCO3P21	violet	0.811123380465598
HSPD1P4	HSPD1P4	violet	0.0309816664808487
H4C14	H4C14	violet	0.0418293939944306
SMIM33	SMIM33	violet	0.648183909158823
EEF1AKNMT	EEF1AKNMT	blue2	0.664745294657163
JADE1	JADE1	blue2	0.273167455856543
CIP2A	CIP2A	blue2	0.338251667332649
NPIPB9	NPIPB9	blue2	0.031306632415467
INSYN2B	INSYN2B	blue2	0.585860989102657
RPL21P90	RPL21P90	blue2	0.578700330016271
RPS15AP12	RPS15AP12	blue2	0.0345952508989128
RPS17P7	RPS17P7	blue2	0.229193913028684
CCDC200	CCDC200	blue2	0.192905042292135
IPO5P1	IPO5P1	blue2	0.09343379517631
ELOA	ELOA	turquoise	0.499726419637985
CRYBG1	CRYBG1	turquoise	0.433689731640141
EEF2KMT	EEF2KMT	turquoise	0.025276061698285
HROB	HROB	turquoise	0.288596065915681
CCN3	CCN3	turquoise	0.0231806948695818
EEF1AKMT1	EEF1AKMT1	turquoise	0.450885097041392
CFAP161	CFAP161	turquoise	0.0455578997415022
SMG1P5	SMG1P5	turquoise	0.0828898069399759
CIBAR1	CIBAR1	turquoise	0.216635910859145
SAXO2	SAXO2	turquoise	0.91232449931237
RPL7P52	RPL7P52	turquoise	0.14039768797131
RPSAP13	RPSAP13	turquoise	0.0164524420880097
RPL13AP23	RPL13AP23	turquoise	0.472197447549999
PCBP2P2	PCBP2P2	turquoise	0.289697003795742
INAFM2	INAFM2	turquoise	0.352794680168455
FAM30C	FAM30C	turquoise	0.125799964703619
BOLA2-SMG1P6	BOLA2-SMG1P6	turquoise	0.145715559099196
SMIM22	SMIM22	turquoise	0.369925008373478
GOLGA8IP	GOLGA8IP	turquoise	0.774134075634936
STEEP1	STEEP1	blue	0.606594289807842
AK6	AK6	blue	0.492821452241977
RSRP1	RSRP1	blue	0.264589720038249
SPDYE5	SPDYE5	blue	0.87304352864801
PIDD1	PIDD1	blue	0.558515812823305
GALNT17	GALNT17	blue	0.317384478550877
LRRC74B	LRRC74B	blue	0.692028074904829
EOLA1	EOLA1	blue	0.501884079983674
CFAP299	CFAP299	blue	0.585795706697447
RPL37P6	RPL37P6	blue	0.691421067904217
GUSBP14	GUSBP14	blue	0.158290703480629
GTF2IP13	GTF2IP13	blue	0.609052079954126
H3-2	H3-2	blue	0.601804602231492
MRE11	MRE11	lavenderblush1	0.33790436906537
YJU2	YJU2	lavenderblush1	0.446128117260825
LSP1P4	LSP1P4	lavenderblush1	0.205682483098116
SEPTIN14	SEPTIN14	lavenderblush1	0.622254842075692
NECTIN3	NECTIN3	lavenderblush1	0.382742007209903
H4-16	H4-16	lavenderblush1	0.574152882900286
CDC26P1	CDC26P1	lavenderblush1	0.0752074135874867
CENPS-CORT	CENPS-CORT	lavenderblush1	0.0315303446065305
BORCS8	BORCS8	lavenderblush1	0.39138483979512
MTND4LP5	MTND4LP5	lavenderblush1	0.864196890687592
H3C11	H3C11	lavenderblush1	0.0205977771927609
ADSS2	ADSS2	floralwhite	0.246458078007462
ZUP1	ZUP1	floralwhite	0.403369802483449
ADGRG4	ADGRG4	floralwhite	0.354016932749621
GARRE1	GARRE1	floralwhite	0.429505013818645
CEP83	CEP83	floralwhite	0.0404555514764798
RPL27AP5	RPL27AP5	floralwhite	0.811642767766602
H1-10	H1-10	floralwhite	0.587793215669321
RPS27AP11	RPS27AP11	floralwhite	0.349255532535763
CDYLP1	CDYLP1	floralwhite	0.698413604984418
ATP5PBP1	ATP5PBP1	floralwhite	0.039574690953355
RPL23AP87	RPL23AP87	floralwhite	0.584361478098888
COX6CP13	COX6CP13	floralwhite	0.0292089973372537
SMU1P1	SMU1P1	floralwhite	0.869702041337693
PSME2P1	PSME2P1	floralwhite	0.482835504608238
CCDC74BP1	CCDC74BP1	floralwhite	0.588059469286564
PRR13P2	PRR13P2	floralwhite	0.197343507785861
COA8	COA8	floralwhite	0.533913251856406
CKS1BP3	CKS1BP3	floralwhite	0.576061135694639
H3P42	H3P42	floralwhite	0.0160166927129401
FAM30B	FAM30B	floralwhite	0.5913249925346
MTREX	MTREX	paleturquoise	0.502709700047337
CNIH1	CNIH1	paleturquoise	0.0378610641015959
		paleturquoise	NA
UQCC2	UQCC2	paleturquoise	0.242727471560362
TLNRD1	TLNRD1	paleturquoise	0.159205555742111
RPL32P18	RPL32P18	paleturquoise	0.455853048435448
NIFK	NIFK	paleturquoise	0.453251853913862
ATP5MJ	ATP5MJ	paleturquoise	0.398592987668202
CIAO2B	CIAO2B	paleturquoise	0.118530454725292
FKBP9P1	FKBP9P1	paleturquoise	0.251382073646863
PEAK3	PEAK3	paleturquoise	0.64619579704233
RPL21P18	RPL21P18	paleturquoise	0.709769084787317
HSPA5P1	HSPA5P1	paleturquoise	0.739408372163258
RPL21P67	RPL21P67	paleturquoise	0.754543437166609
TMEM183B	TMEM183B	paleturquoise	0.0418236682564448
RPL15P14	RPL15P14	paleturquoise	0.927606939278247
RPS24P19	RPS24P19	paleturquoise	0.593953809727697
RPS26P39	RPS26P39	paleturquoise	0.578962670823782
ATP5MC2P4	ATP5MC2P4	paleturquoise	0.933830825159997
SEPTIN7P7	SEPTIN7P7	paleturquoise	0.848332474003249
RPL10P6	RPL10P6	paleturquoise	0.388398590247402
RPL23AP11	RPL23AP11	paleturquoise	0.0249136347588921
KLF2P1	KLF2P1	paleturquoise	0.656557070193012
RPL10P12	RPL10P12	paleturquoise	0.0339923110467931
PPIAP34	PPIAP34	paleturquoise	0.83274583394686
RPS29P16	RPS29P16	paleturquoise	0.123171566080151
RPL5P22	RPL5P22	paleturquoise	0.62257751272647
RPL5P1	RPL5P1	paleturquoise	0.713221692531979
RPS3AP43	RPS3AP43	paleturquoise	0.823807739661576
SEPTIN7P10	SEPTIN7P10	paleturquoise	0.0275223476792058
H3P14	H3P14	paleturquoise	0.0243557489921864
HMGB1P40	HMGB1P40	paleturquoise	0.486276278581366
C1GALT1P1	C1GALT1P1	paleturquoise	0.0449930474462559
HNRNPA3P10	HNRNPA3P10	paleturquoise	0.778201121026904
RPL21P7	RPL21P7	paleturquoise	0.564993539498537
HNRNPMP1	HNRNPMP1	paleturquoise	0.0294649727198451
PPIAP51	PPIAP51	paleturquoise	0.550493270311496
YPEL5P2	YPEL5P2	paleturquoise	0.0228494971357046
EEF1AKMT4	EEF1AKMT4	paleturquoise	0.0397785838034163
RIPOR1	RIPOR1	darkseagreen4	0.487615826881315
SEM1	SEM1	darkseagreen4	0.187068754065411
FBH1	FBH1	darkseagreen4	0.974667692837875
SELENOI	SELENOI	darkseagreen4	0.0520722333749603
TRAPPC14	TRAPPC14	darkseagreen4	0.425608744768818
HARS1	HARS1	darkseagreen4	0.198254539130795
TDRP	TDRP	darkseagreen4	0.0541121818395496
SELENOH	SELENOH	darkseagreen4	0.465080464175807
RPS2P17	RPS2P17	darkseagreen4	0.474840870069473
NPAP1P2	NPAP1P2	darkseagreen4	0.463563380801247
RPL21P32	RPL21P32	darkseagreen4	0.290513721196541
HNRNPA1P42	HNRNPA1P42	darkseagreen4	0.698876541208026
RPL5P14	RPL5P14	darkseagreen4	0.0894077129955358
SPTY2D1OS	SPTY2D1OS	darkseagreen4	0.113965829714628
EIF4A1P4	EIF4A1P4	darkseagreen4	0.0278187370797787
CTXND1	CTXND1	darkseagreen4	0.543392084714749
FRG1CP	FRG1CP	darkseagreen4	0.387161398007536
THSD8	THSD8	darkseagreen4	0.353835026191888
SLC66A1	SLC66A1	magenta3	0.198547072113705
DYNC2I1	DYNC2I1	magenta3	0.30019600973629
ICE2	ICE2	magenta3	0.180107680999499
PRMT9	PRMT9	magenta3	0.287150267972499
TEPSIN	TEPSIN	magenta3	0.115877477388009
SHLD1	SHLD1	magenta3	0.879288149348325
SELENOW	SELENOW	magenta3	0.285776994500781
H1-5	H1-5	magenta3	0.185754329068445
SPDYE12P	SPDYE12P	magenta3	0.0543717893271057
ERO1A	ERO1A	magenta3	0.562950176196102
RPL22P12	RPL22P12	magenta3	0.0177061433430488
MTCO1P11	MTCO1P11	magenta3	0.774945682461718
SVIL-AS1	SVIL-AS1	magenta3	0.313817176308746
MTCO1P14	MTCO1P14	magenta3	0.753106959958177
HNRNPA1P60	HNRNPA1P60	magenta3	0.944712598410392
HNRNPA1P51	HNRNPA1P51	magenta3	0.618815886220672
GPR199P	GPR199P	magenta3	0.0268184012183596
NDUFB5P1	NDUFB5P1	magenta3	0.937165220689892
H2BC20P	H2BC20P	magenta3	0.148401789966222
HNRNPA1P52	HNRNPA1P52	magenta3	0.786331708025039
HNRNPA1P67	HNRNPA1P67	magenta3	0.553602793684489
TPTEP2-CSNK1E	TPTEP2-CSNK1E	magenta3	0.510562419477842
RIPOR3	RIPOR3	coral2	0.464106911103957
H2BC11	H2BC11	coral2	0.0501351299807914
CYRIB	CYRIB	coral2	0.567932158271131
GAREM2	GAREM2	coral2	0.921124230269631
ENTR1	ENTR1	coral2	0.0216624338713976
BORCS7	BORCS7	coral2	0.0591506395211284
CFAP52	CFAP52	coral2	0.35090260848922
ATP5MG	ATP5MG	coral2	0.112622253705986
LRRC75B	LRRC75B	coral2	0.0431338011820013
IFITM3P3	IFITM3P3	coral2	0.0343870074055234
ILRUN	ILRUN	coral2	0.415096250263986
RPS3AP20	RPS3AP20	coral2	0.0508349553633547
ATP5F1CP1	ATP5F1CP1	coral2	0.0306423847166822
FAM197Y5	FAM197Y5	coral2	0.966501525648629
PA2G4P6	PA2G4P6	coral2	0.106798926038673
RPSAP69	RPSAP69	coral2	0.426717516095339
RPL7P35	RPL7P35	coral2	0.84219019726019
MTATP6P27	MTATP6P27	coral2	0.0308154713688391
NPAP1P3	NPAP1P3	coral2	0.480844080465974
TMEM250	TMEM250	coral2	0.0279400583585252
RPL7P15	RPL7P15	coral2	0.788860507870801
RPSAP29	RPSAP29	coral2	0.106469154235921
ZHX1-C8orf76	ZHX1-C8orf76	coral2	0.0222950799561818
HNRNPA3P11	HNRNPA3P11	coral2	0.0262196451647765
SINHCAFP2	SINHCAFP2	coral2	0.025714708760073
H3P37	H3P37	coral2	0.710870379087436
C1QTNF3-AMACR	C1QTNF3-AMACR	coral2	0.0240787210721699
WASH9P	WASH9P	coral2	0.0384495934598616
JADE2	JADE2	slateblue	0.0359987237416534
DIPK2B	DIPK2B	slateblue	0.888292293914475
FCSK	FCSK	slateblue	0.691611824854963
H4C8	H4C8	slateblue	0.0534245712957192
PCLAF	PCLAF	slateblue	0.399625468337931
TCAF2	TCAF2	slateblue	0.689160195193898
HNRNPA1P40	HNRNPA1P40	slateblue	0.694911056389006
KLF2P2	KLF2P2	slateblue	0.952846321614398
KANTR	KANTR	slateblue	0.982892491097909
STRIT1	STRIT1	slateblue	0.951288060111523
ELOCP33	ELOCP33	slateblue	0.589638526681123
CDRT15P6	CDRT15P6	slateblue	0.640735613178859
KATNIP	KATNIP	lightsteelblue1	0.166765750697363
SEPTIN3	SEPTIN3	lightsteelblue1	0.517932419555276
PRXL2A	PRXL2A	lightsteelblue1	0.255156008526325
MIR9-1HG	MIR9-1HG	lightsteelblue1	0.358883086497165
MAB21L4	MAB21L4	lightsteelblue1	0.724611811893599
GVQW3	GVQW3	lightsteelblue1	0.328278498205898
MEIOC	MEIOC	lightsteelblue1	0.563329736896187
RPL32P10	RPL32P10	lightsteelblue1	0.595100927675938
PPIAP68	PPIAP68	lightsteelblue1	0.401130144880204
SCART1	SCART1	lightsteelblue1	0.82192972797282
TPT1P9	TPT1P9	lightsteelblue1	0.810943879919663
ATP5MF-PTCD1	ATP5MF-PTCD1	lightsteelblue1	0.0227524432146622
BCLAF1P1	BCLAF1P1	lightsteelblue1	0.648434496400013
TRMT9B	TRMT9B	lightsteelblue1	0.598853628362603
PPIAP46	PPIAP46	lightsteelblue1	0.50216943117137
VINAC1P	VINAC1P	lightsteelblue1	0.557086170467633
NEXMIF	NEXMIF	tan4	0.927129519799996
AARS1	AARS1	tan4	0.363069784177508
CIAO3	CIAO3	tan4	0.202105593072777
JHY	JHY	tan4	0.552960487717853
CEP126	CEP126	tan4	0.635376710812055
MARCHF1	MARCHF1	tan4	0.577953258696572
FAAP20	FAAP20	tan4	0.382572898991803
GOLM2	GOLM2	tan4	0.420816645926985
VXN	VXN	tan4	0.866904071510695
RNF227	RNF227	tan4	0.446586158140199
MGAT4EP	MGAT4EP	tan4	0.569085721388026
YWHAZP10	YWHAZP10	tan4	0.99399386185216
DUXAP9	DUXAP9	tan4	0.72460008162692
PPIAP55	PPIAP55	tan4	0.0560088743549653
IQCM	IQCM	tan4	0.606424677929065
CYP4F62P	CYP4F62P	tan4	0.749755088166605
APELA	APELA	tan4	0.949235833220391
GTF2IP11	GTF2IP11	tan4	0.652153086720051
ELOCP2	ELOCP2	tan4	0.0435851406655209
KMT2C	KMT2C	grey60	0.712998453910052
UFD1	UFD1	grey60	0.394509223182804
ATP5F1B	ATP5F1B	grey60	0.200490492666433
CERT1	CERT1	grey60	0.495896042434341
DMAC2L	DMAC2L	grey60	0.464032691624861
BRD7P2	BRD7P2	grey60	0.795031985489053
NUPR2	NUPR2	grey60	0.023608694222772
RPL29P12	RPL29P12	grey60	0.471984166052262
SEPTIN7P6	SEPTIN7P6	grey60	0.0292281887736575
RPL12P35	RPL12P35	grey60	0.972669156578623
HSPE1-MOB4	HSPE1-MOB4	grey60	0.428337571263566
HPF1	HPF1	lightcoral	0.555095188386828
GFUS	GFUS	lightcoral	0.188346218093133
MIEF2	MIEF2	lightcoral	0.226591082583726
ANAPC1P3	ANAPC1P3	lightcoral	0.220089284964175
KLRA1P	KLRA1P	lightcoral	0.186075590499499
AOC4P	AOC4P	lightcoral	0.711865588382182
KIAA0895LP1	KIAA0895LP1	lightcoral	0.0300412874910295
NDC1	NDC1	sienna3	0.0878845069883094
GAREM1	GAREM1	sienna3	0.541077807141609
DDIAS	DDIAS	sienna3	0.935942581564793
XIAPP3	XIAPP3	sienna3	0.408058031158043
ADAMTS7P4	ADAMTS7P4	sienna3	0.203663737627799
SRSF3P4	SRSF3P4	sienna3	0.348973881198198
VDAC1P8	VDAC1P8	sienna3	0.570649830370873
CAPZA1P1	CAPZA1P1	sienna3	0.369963891167716
RPSAP76	RPSAP76	sienna3	0.211257139274519
ZNF559-ZNF177	ZNF559-ZNF177	sienna3	0.47891376254596
H2AC17	H2AC17	sienna3	0.0216235155543325
GUCY1B1	GUCY1B1	white	0.158805439354059
SMIM24	SMIM24	white	0.189902764165689
STN1	STN1	white	0.0388145975520554
ATP5F1E	ATP5F1E	white	0.553327524053865
TKFC	TKFC	white	0.739494047743412
CCDC197	CCDC197	white	0.0304628013022864
FAAP100	FAAP100	white	0.829504833506267
CCDC189	CCDC189	white	0.590010567810754
TCAF1	TCAF1	white	0.498469365719708
HNRNPA1P64	HNRNPA1P64	white	0.663702833671989
RPL7AP50	RPL7AP50	white	0.442327999559425
RPL5P8	RPL5P8	white	0.895668661075723
ZNF788P	ZNF788P	white	0.590251393222221
RPL5P35	RPL5P35	white	0.0331089815271105
HNRNPA1P48	HNRNPA1P48	white	0.677016540454944
RPS3AP11	RPS3AP11	white	0.882146785092964
HNRNPA1P59	HNRNPA1P59	white	0.046998158522809
RPL21P35	RPL21P35	white	0.0529184435483911
RPL21P36	RPL21P36	white	0.602096501217288
PSIP1P1	PSIP1P1	white	0.799161952340791
RPL5P12	RPL5P12	white	0.935854231720328
RPS23P1	RPS23P1	white	0.0306453658446243
CD8B2	CD8B2	white	0.797584334529924
TGIF2-RAB5IF	TGIF2-RAB5IF	white	0.0190608988064342
PDCD6IPP2	PDCD6IPP2	white	0.888189435002287
CCDC194	CCDC194	white	0.639016064410641
LRRC37A9P	LRRC37A9P	white	0.961336930219163
FRG1HP	FRG1HP	white	0.409974036686026
H3C10	H3C10	white	0.0307852360331596
NOTCH2NLR	NOTCH2NLR	white	0.0548530356188454
WAPL	WAPL	green	0.423635977759159
SUSD6	SUSD6	green	0.20711561553746
LARGE1	LARGE1	green	0.741051470003549
CFAP70	CFAP70	green	0.204537957592562
PROSER3	PROSER3	green	0.323090440594789
RPL23AP82	RPL23AP82	green	0.341558759442082
CLDN7P1	CLDN7P1	green	0.715900600653789
GTF2IP7	GTF2IP7	green	0.839369493091003
CT75	CT75	green	0.905165780952667
RPL10P7	RPL10P7	green	0.125463723451082
GSTT4	GSTT4	green	0.651578292112008
BICRA	BICRA	darkred	0.618505621063996
HDGFL3	HDGFL3	darkred	0.380584890647568
NRROS	NRROS	darkred	0.097303208616469
SMIM11A	SMIM11A	darkred	0.364065828324908
RPS6P26	RPS6P26	darkred	0.730712564966794
DHRS4L1	DHRS4L1	darkred	0.268406450206593
MRLN	MRLN	darkred	0.913100455534493
MAP1LC3BP1	MAP1LC3BP1	darkred	0.513280348161926
DOCK11P1	DOCK11P1	darkred	0.364343602361198
GRAMD4P7	GRAMD4P7	darkred	0.882983437813534
NDE1P2	NDE1P2	darkred	0.760375185915179
GOLGA6L22	GOLGA6L22	darkred	0.0795143751926044
INTS13	INTS13	navajowhite1	0.274328916872203
UQCC1	UQCC1	navajowhite1	0.256690818030227
CCN6	CCN6	navajowhite1	0.393633519813145
CFAP92	CFAP92	navajowhite1	0.238397005176082
CFAP94	CFAP94	navajowhite1	0.813136159469233
FAM234A	FAM234A	navajowhite1	0.250430160788132
MRPL57	MRPL57	navajowhite1	0.167166772571777
RPL9P14	RPL9P14	navajowhite1	0.607764705003396
RPL36AP52	RPL36AP52	navajowhite1	0.664800269826901
RPL35AP2	RPL35AP2	navajowhite1	0.024930131589262
RPL7P10	RPL7P10	navajowhite1	0.59167212088652
RPS4XP5	RPS4XP5	navajowhite1	0.390827770360672
RPS25P3	RPS25P3	navajowhite1	0.918348089941619
RAMACL	RAMACL	navajowhite1	0.0312743718363132
RPS14P8	RPS14P8	navajowhite1	0.574778228089193
RPL32P7	RPL32P7	navajowhite1	0.546047623818331
RPL5P17	RPL5P17	navajowhite1	0.371865965731452
NUDT16L2P	NUDT16L2P	navajowhite1	0.30153001234191
SMIM11B	SMIM11B	navajowhite1	0.255278860063542
YWHAEP7	YWHAEP7	navajowhite1	0.62709349767965
TEX13D	TEX13D	navajowhite1	0.929010631216741
CCN5	CCN5	bisque4	0.539709954495686
TIGAR	TIGAR	bisque4	0.462411648533397
ADGRB3	ADGRB3	bisque4	0.0180061551023781
SLC49A4	SLC49A4	bisque4	0.0196138898135255
ATP5PF	ATP5PF	bisque4	0.458848653353775
LBHD1	LBHD1	bisque4	0.195632954793824
INAVA	INAVA	bisque4	0.391129469057755
AHSA2P	AHSA2P	bisque4	0.178519206279532
H2AW	H2AW	bisque4	0.0381855947702893
BORCS6	BORCS6	bisque4	0.467596434697331
CYRIA	CYRIA	bisque4	0.40809266314645
WDR87BP	WDR87BP	bisque4	0.748954741138763
RPS14P4	RPS14P4	bisque4	0.0215633338330138
GOLGA6L5P	GOLGA6L5P	bisque4	0.311262929609746
HMGB1P49	HMGB1P49	bisque4	0.6352581065192
CENPNP1	CENPNP1	bisque4	0.405469835623056
RPL5P9	RPL5P9	bisque4	0.81514588757214
RPL12P27	RPL12P27	bisque4	0.993797298279744
ATP5PO	ATP5PO	bisque4	0.272376534425061
RPL23AP55	RPL23AP55	bisque4	0.08227379609527
RPL23AP44	RPL23AP44	bisque4	0.993316520680571
MTCO3P13	MTCO3P13	bisque4	0.950099529673374
PPIAP52	PPIAP52	bisque4	0.040548979158344
PPP4R3B	PPP4R3B	bisque4	0.606678949199957
KARS1	KARS1	darkmagenta	0.510308576389479
TBC1D32	TBC1D32	darkmagenta	0.456703885271593
INTS4P1	INTS4P1	darkmagenta	0.155606043919201
SPIDR	SPIDR	darkmagenta	0.790902484151421
CFAP91	CFAP91	darkmagenta	0.906940061939812
CYB5AP2	CYB5AP2	darkmagenta	0.749071523776011
RPS8P4	RPS8P4	darkmagenta	0.58837957935317
BRD3OS	BRD3OS	darkmagenta	0.295508948378548
ZNF542P	ZNF542P	darkmagenta	0.112935132214669
LIMS4	LIMS4	darkmagenta	0.993531780342298
CFAP298-TCP10L	CFAP298-TCP10L	darkmagenta	0.695424585089446
ANKRD20A21P	ANKRD20A21P	darkmagenta	0.985012605890295
PACC1	PACC1	lavenderblush2	0.441518221865703
ADGRG6	ADGRG6	lavenderblush2	0.143810720573195
ADGRE5	ADGRE5	lavenderblush2	0.485756133963838
HIKESHI	HIKESHI	lavenderblush2	0.204751875483367
TBC1D31	TBC1D31	lavenderblush2	0.312769533230684
BMT2	BMT2	lavenderblush2	0.487524121308477
BMERB1	BMERB1	lavenderblush2	0.212118723202055
ODAD2	ODAD2	lavenderblush2	0.211519790649903
ATP5MK	ATP5MK	lavenderblush2	0.16706834501627
SRPRA	SRPRA	lavenderblush2	0.185302665573612
RPL23AP59	RPL23AP59	lavenderblush2	0.124937631104072
FTCDNL1	FTCDNL1	lavenderblush2	0.24790837131014
PMS2P7	PMS2P7	lavenderblush2	0.195149802913874
UBTFL11	UBTFL11	lavenderblush2	0.54793270175909
TXNP6	TXNP6	lavenderblush2	0.0690913539005264
RPL23AP63	RPL23AP63	lavenderblush2	0.515779125927494
NPIPB11	NPIPB11	lavenderblush2	0.888838438486249
HMGB1P51	HMGB1P51	lavenderblush2	0.121303813723772
POLR1H	POLR1H	cyan	0.337668125027096
CARS1	CARS1	cyan	0.942519297658936
OTULIN	OTULIN	cyan	0.18540911924005
TLCD3A	TLCD3A	cyan	0.121848615735094
OR10AC1	OR10AC1	cyan	0.465557037671363
SMG1P2	SMG1P2	cyan	0.0233666752023172
ETFRF1	ETFRF1	cyan	0.241178548061308
FNDC10	FNDC10	cyan	0.290983233369043
NAA80	NAA80	cyan	0.723796067215681
RPS26P19	RPS26P19	cyan	0.427124134776807
GAPDHP35	GAPDHP35	cyan	0.471052489364212
ADGRF5	ADGRF5	purple	0.76255482374808
P3H2	P3H2	purple	0.437312441995744
MINDY4	MINDY4	purple	0.774241191601687
IRAG2	IRAG2	purple	0.216558523257778
AFDN	AFDN	purple	0.086533064356091
PAXX	PAXX	purple	0.256822995657211
HNRNPDL	HNRNPDL	purple	0.214829082759647
COA7	COA7	purple	0.204966921394379
ADGRL4	ADGRL4	purple	0.994183044958402
CFAP221	CFAP221	purple	0.812627708511405
MRM3	MRM3	purple	0.216187486634237
ZNF875	ZNF875	purple	0.801461717948645
CENPBD1P1	CENPBD1P1	purple	0.50286981607509
RPL7P46	RPL7P46	purple	0.971353094343556
RPL7P18	RPL7P18	purple	0.389721806433508
RPS3AP19	RPS3AP19	purple	0.0291804161657355
REELD1	REELD1	purple	0.0193770777680284
SYNJ2BP-COX16	SYNJ2BP-COX16	purple	0.0512392320556239
GTF2IP20	GTF2IP20	purple	0.461996184982729
PLD5P1	PLD5P1	purple	0.49132185993116
HDHD5	HDHD5	plum1	0.111787368318846
FAM86C1P	FAM86C1P	plum1	0.0293534376979128
DMTN	DMTN	plum1	0.338627861960583
TEDC2	TEDC2	plum1	0.0395055496014179
CZIB	CZIB	plum1	0.514753799114124
JCAD	JCAD	plum1	0.939267580056862
COPS9	COPS9	plum1	0.504247996337017
ADGRF3	ADGRF3	plum1	0.0483325464029965
SRARP	SRARP	plum1	0.532798902434982
IRS3P	IRS3P	plum1	0.676778668613468
NPIPB4	NPIPB4	plum1	0.260035495305753
CALHM6	CALHM6	plum1	0.378068459168672
PCNX3	PCNX3	plum1	0.0853025810251946
HNRNPCP6	HNRNPCP6	plum1	0.0270617504821876
RPL31P44	RPL31P44	plum1	0.0366254529084202
ACTBP15	ACTBP15	plum1	0.0253768149116863
RPL23AP48	RPL23AP48	plum1	0.967742167254307
RPS26P20	RPS26P20	plum1	0.0534480621482201
RPS13P2	RPS13P2	plum1	0.913381428746824
B3GALNT1P1	B3GALNT1P1	plum1	0.234394330363776
GAPDHP74	GAPDHP74	plum1	0.0376793247815948
SRP14P3	SRP14P3	plum1	0.047380378565188
RPS28P4	RPS28P4	plum1	0.597116076927579
RPSAP48	RPSAP48	plum1	0.707605143295838
H3C6	H3C6	plum1	0.0831716622051583
MAFIP	MAFIP	plum1	0.0412119382560783
LINC01667	LINC01667	plum1	0.234314602272661
WASH5P	WASH5P	plum1	0.317256741502753
ELP1	ELP1	salmon1	0.443207932066433
MARCHF2	MARCHF2	salmon1	0.311999120613968
RTCB	RTCB	salmon1	0.146089723948981
EEF1AKMT3	EEF1AKMT3	salmon1	0.27222202933722
INTS14	INTS14	salmon1	0.199341280506226
PDIA3P1	PDIA3P1	salmon1	0.292394935543595
H2AC20	H2AC20	salmon1	0.115873622075544
PTPN20	PTPN20	salmon1	0.233077507461601
SMIM10L1	SMIM10L1	salmon1	0.137502825424274
NDUFA5P11	NDUFA5P11	salmon1	0.124139602004536
FDX2	FDX2	salmon1	0.964335841511589
CFAP20	CFAP20	darkslateblue	0.164031045238141
ESS2	ESS2	darkslateblue	0.579389813658392
DGLUCY	DGLUCY	darkslateblue	0.512568858250484
NUP42	NUP42	darkslateblue	0.130662824223931
THAP12	THAP12	darkslateblue	0.41827750150099
WDCP	WDCP	darkslateblue	0.0156234162029059
SELENOF	SELENOF	darkslateblue	0.264995434743048
IARS1	IARS1	darkslateblue	0.253792864618834
H2AC7	H2AC7	darkslateblue	0.160831706404151
HSPE1P8	HSPE1P8	darkslateblue	0.0884535131048588
RPL32P27	RPL32P27	darkslateblue	0.986063132096934
HNRNPA1P44	HNRNPA1P44	darkslateblue	0.185745286888482
H3P25	H3P25	darkslateblue	0.131804234071932
BUD23	BUD23	yellow	0.515123267699463
FAM234B	FAM234B	yellow	0.340339783272607
CEMIP	CEMIP	yellow	0.723683017466401
GSDME	GSDME	yellow	0.71336652268712
ZSWIM9	ZSWIM9	yellow	0.113105813474771
DPY19L2P3	DPY19L2P3	yellow	0.266162802255129
ANKRD49P1	ANKRD49P1	yellow	0.434626671960723
RPL32P5	RPL32P5	yellow	0.876293307436442
LINC00888	LINC00888	yellow	0.259494181668723
NOP56P3	NOP56P3	yellow	0.0902397808602439
FMC1-LUC7L2	FMC1-LUC7L2	yellow	0.682970649579728
CCDC163	CCDC163	yellow	0.534518799041093
IRAG1	IRAG1	brown4	0.641009944406297
GCN1	GCN1	brown4	0.39588620141617
TMEM268	TMEM268	brown4	0.408063136939716
CIART	CIART	brown4	0.441775472697899
MRNIP	MRNIP	brown4	0.554596251144786
NPIPB10P	NPIPB10P	brown4	0.644618699712166
STKLD1	STKLD1	brown4	0.289437167666927
CCDC192	CCDC192	brown4	0.287182774992046
SPAAR	SPAAR	brown4	0.201459782418454
OR6R2P	OR6R2P	brown4	0.647681644390939
NOTCH2NLC	NOTCH2NLC	brown4	0.81744645526794
SELENOO	SELENOO	skyblue1	0.468043225436082
DOP1A	DOP1A	skyblue1	0.121041995300134
JADE3	JADE3	skyblue1	0.0236376228223347
H2AZ2	H2AZ2	skyblue1	0.30600763871855
CRACD	CRACD	skyblue1	0.0266267710606147
SLC66A3	SLC66A3	skyblue1	0.580749589997552
CIAO2A	CIAO2A	skyblue1	0.0665998420444456
TEDC1	TEDC1	skyblue1	0.810312314262985
H2BC19P	H2BC19P	skyblue1	0.033316988538136
RAB6C-AS1	RAB6C-AS1	skyblue1	0.057072373452673
HNRNPA1P68	HNRNPA1P68	skyblue1	0.0219193232373232
CASP4LP	CASP4LP	skyblue1	0.660928329912664
RPL35AP23	RPL35AP23	skyblue1	0.0242232625026561
NCBP3	NCBP3	orange	0.737387404718846
SF3B6	SF3B6	orange	0.240829764043155
ZGRF1	ZGRF1	orange	0.569195101870212
CEP295	CEP295	orange	0.409630170531516
USF3	USF3	orange	0.673685237065569
HASPIN	HASPIN	orange	0.978315453538265
TENT5C	TENT5C	orange	0.340399387495112
MTARC1	MTARC1	orange	0.216249502672931
PTMAP10	PTMAP10	orange	0.281795296118786
STIMATE	STIMATE	orange	0.0492753995820206
RPL10AP3	RPL10AP3	orange	0.373216927592377
RPL5P4	RPL5P4	orange	0.791348955980374
PTMAP4	PTMAP4	orange	0.0742882384201941
SRP54-AS1	SRP54-AS1	orange	0.495418222044955
ACTG1P15	ACTG1P15	orange	0.249650202604411
NFILZ	NFILZ	orange	0.982585905965628
CD24	CD24	orange	0.28436536964042
H4C9	H4C9	orange	0.237376601504281
HACD3	HACD3	lightgreen	0.409568415848329
SHISAL2A	SHISAL2A	lightgreen	0.553304772931802
SEPTIN14P21	SEPTIN14P21	lightgreen	0.610252580441951
RPL38P1	RPL38P1	lightgreen	0.0340810954630044
AMD1P3	AMD1P3	lightgreen	0.0249610864330377
CCDC28A-AS1	CCDC28A-AS1	lightgreen	0.703015926491815
MYDGF	MYDGF	steelblue	0.0845175243577727
SEPTIN4	SEPTIN4	steelblue	0.360661980610686
RAB29	RAB29	steelblue	0.496126370380376
MINDY2	MINDY2	steelblue	0.322918325518016
DIPK1A	DIPK1A	steelblue	0.305464978246731
ZBED6CL	ZBED6CL	steelblue	0.669528736838455
SELENOT	SELENOT	steelblue	0.158487179654686
DXO	DXO	steelblue	0.457110903194399
CBWD4P	CBWD4P	steelblue	0.713120202657744
EIF1P7	EIF1P7	steelblue	0.544420050990516
CPTP	CPTP	steelblue	0.0605879522122407
PDE4DIPP6	PDE4DIPP6	steelblue	0.417535638633235
ARHGAP19-SLIT1	ARHGAP19-SLIT1	steelblue	0.300741865309689
NRDC	NRDC	maroon	0.305125906954732
DMAC2	DMAC2	maroon	0.51724577449508
TENT4A	TENT4A	maroon	0.905570417291354
ELAPOR1	ELAPOR1	maroon	0.671329447800892
GPAT3	GPAT3	maroon	0.846507342453061
DPH7	DPH7	maroon	0.0883346024717079
ELAPOR2	ELAPOR2	maroon	0.0419532103697516
NAIPP2	NAIPP2	maroon	0.638506696497442
ADGRG1	ADGRG1	maroon	0.257894858641681
OR2S1P	OR2S1P	maroon	0.850890830719711
CICP27	CICP27	maroon	0.887557942229096
RPL21P23	RPL21P23	maroon	0.700061115853516
RAP1BL	RAP1BL	maroon	0.742213281165065
TCP1P3	TCP1P3	maroon	0.268995805638344
C17orf113	C17orf113	maroon	0.302462892085934
ATF7-NPFF	ATF7-NPFF	maroon	0.199240681093826
SEPTIN14P19	SEPTIN14P19	maroon	0.431907389183233
DNAAF6	DNAAF6	orangered4	0.84408420253514
NECTIN1	NECTIN1	orangered4	0.0396645804575989
UTP25	UTP25	orangered4	0.36594334959994
FAAP24	FAAP24	orangered4	0.77210141130677
CIBAR2	CIBAR2	orangered4	0.744481978615429
PRXL2C	PRXL2C	orangered4	0.481575373661619
SHLD2P1	SHLD2P1	orangered4	0.0346113051255366
SHLD2P3	SHLD2P3	orangered4	0.325156436844274
ODAD3	ODAD3	orangered4	0.900059752735445
HNRNPA3P6	HNRNPA3P6	orangered4	0.92074352584633
TUBAP2	TUBAP2	orangered4	0.654657824455143
NDUFA4P1	NDUFA4P1	orangered4	0.969571968888694
RPS27AP16	RPS27AP16	orangered4	0.402022657039973
ARL14EPP1	ARL14EPP1	orangered4	0.0315974582053829
RPS3AP51	RPS3AP51	orangered4	0.992094074690868
CASP16P	CASP16P	orangered4	0.711953131301702
SMC3P1	SMC3P1	orangered4	0.0408354803389427
RPL23AP42	RPL23AP42	orangered4	0.92655393368002
ATP5PDP4	ATP5PDP4	orangered4	0.0554988006590668
RPS4XP13	RPS4XP13	orangered4	0.384689319776279
THAP12P7	THAP12P7	orangered4	0.633371247776251
H2AZ2P1	H2AZ2P1	orangered4	0.965929629923374
EIF2S2P1	EIF2S2P1	orangered4	0.932086380282246
MYL12BP1	MYL12BP1	orangered4	0.139205949260087
GOLGA6L7	GOLGA6L7	orangered4	0.66273593702295
GTF2IP12	GTF2IP12	orangered4	0.688228249374967
NOTCH2NLB	NOTCH2NLB	orangered4	0.0201185768264891
PUM3	PUM3	coral3	0.326661642675979
ERO1B	ERO1B	coral3	0.402072463726177
MRM2	MRM2	coral3	0.316609580996776
SELENOS	SELENOS	coral3	0.564932274045968
SPART	SPART	coral3	0.525300344252845
MYG1	MYG1	coral3	0.317090590234261
KAT14	KAT14	coral3	0.0444444439955668
QTRT2	QTRT2	coral3	0.197112802487115
GUCY1A1	GUCY1A1	coral3	0.37389933681435
INSYN2A	INSYN2A	coral3	0.470172083958059
PJVK	PJVK	coral3	0.220455422323154
SMIM30	SMIM30	coral3	0.448430098141349
RBM8B	RBM8B	coral3	0.144813527757858
COMMD3-BMI1	COMMD3-BMI1	coral3	0.148231219234208
H2AC8	H2AC8	coral3	0.102845896933103
FRG1DP	FRG1DP	coral3	0.0828380165007615
FYB1	FYB1	palevioletred3	0.523048689466673
CNOT9	CNOT9	palevioletred3	0.359692017301865
TLCD3B	TLCD3B	palevioletred3	0.683305977230734
SPATA33	SPATA33	palevioletred3	0.478840498726988
FAR2P2	FAR2P2	palevioletred3	0.669929355908701
MINAR2	MINAR2	palevioletred3	0.836808001047431
B3GLCT	B3GLCT	palevioletred3	0.102578512450316
H1-2	H1-2	palevioletred3	0.244292240864844
CCDC9B	CCDC9B	palevioletred3	0.673860413615593
MTCO2P12	MTCO2P12	palevioletred3	0.680069306346825
RALGAPA1P1	RALGAPA1P1	palevioletred3	0.808235910859824
CLCN3P1	CLCN3P1	palevioletred3	0.105247926241907
BMS1P10	BMS1P10	palevioletred3	0.434149461029826
YAE1	YAE1	palevioletred3	0.195061794363575
MTCYBP18	MTCYBP18	palevioletred3	0.969660608293485
MTND3P25	MTND3P25	palevioletred3	0.834862584985843
MTCYBP35	MTCYBP35	palevioletred3	0.897645907112335
OR5BA1P	OR5BA1P	palevioletred3	0.808270112990185
ZNF56	ZNF56	palevioletred3	0.43930594454376
MTND6P22	MTND6P22	palevioletred3	0.847643992517698
MTCO3P22	MTCO3P22	palevioletred3	0.99331024374394
MTND4P35	MTND4P35	palevioletred3	0.652193770871715
DERPC	DERPC	palevioletred3	0.644370037089024
TUT7	TUT7	greenyellow	0.355489842494242
RAB5IF	RAB5IF	greenyellow	0.173789011594226
LDAH	LDAH	greenyellow	0.375959158776728
TRIR	TRIR	greenyellow	0.664398749836329
PLAAT4	PLAAT4	greenyellow	0.462624982182595
SNRPA1P1	SNRPA1P1	greenyellow	0.330822213307103
RESF1	RESF1	greenyellow	0.240071083845381
DMBT1L1	DMBT1L1	greenyellow	0.460722481108587
EP400P1	EP400P1	greenyellow	0.393704843000272
CCNB2P1	CCNB2P1	greenyellow	0.98426983077001
RPL24P7	RPL24P7	greenyellow	0.134785080440517
RPL7P25	RPL7P25	greenyellow	0.106971763177547
RPL8P1	RPL8P1	greenyellow	0.742036987166758
RPS4XP2	RPS4XP2	greenyellow	0.39111039077249
FAAHP1	FAAHP1	greenyellow	0.537331992188812
RPL5P6	RPL5P6	greenyellow	0.0632459994715185
KPNB1P1	KPNB1P1	greenyellow	0.66286224934394
RPL23AP8	RPL23AP8	greenyellow	0.504739449605781
TMEM35B	TMEM35B	greenyellow	0.0833551037981262
LINC01145	LINC01145	greenyellow	0.373018310521338
NPEPPSP1	NPEPPSP1	greenyellow	0.0476189382177181
TMEM265	TMEM265	greenyellow	0.0495665767423449
LZTS3	LZTS3	thistle	0.0763930608193406
WHRN	WHRN	thistle	0.452324469509964
OSER1	OSER1	thistle	0.895428722743948
AFG1L	AFG1L	thistle	0.116545263815103
KMT5A	KMT5A	thistle	0.212561138650634
SLC35E2A	SLC35E2A	thistle	0.568068260645367
SUMO2P17	SUMO2P17	thistle	0.995578950334325
HSPE1P10	HSPE1P10	thistle	0.935562678778338
OOSP4B	OOSP4B	thistle	0.0782038353540158
TRMT112P7	TRMT112P7	thistle	0.807183346309689
BOLA2P2	BOLA2P2	thistle	0.765618888478192
SLC23A4P	SLC23A4P	thistle	0.900466949964174
AGAP14P	AGAP14P	thistle	0.994892866861306
KIZ	KIZ	lightpink2	0.162415615748955
PCNX4	PCNX4	lightpink2	0.144333345082963
NUP58	NUP58	lightpink2	0.308413242059428
MAIP1	MAIP1	lightpink2	0.0417390033816789
ABHD18	ABHD18	lightpink2	0.305474332651768
PRIMPOL	PRIMPOL	lightpink2	0.0782627094246527
TENT2	TENT2	lightpink2	0.149886830861592
SPDYE7P	SPDYE7P	lightpink2	0.840728262073726
CDIN1	CDIN1	lightpink2	0.690516626774131
INKA2	INKA2	lightpink2	0.360432329248295
RPSAP46	RPSAP46	lightpink2	0.256605163337218
RPL32P11	RPL32P11	lightpink2	0.626747143995717
FGF7P6	FGF7P6	lightpink2	0.276553922654986
POM121L7P	POM121L7P	lightpink2	0.652933660690041
RPSAP36	RPSAP36	lightpink2	0.680326418600155
RPSAP39	RPSAP39	lightpink2	0.533418243505332
CFAP206	CFAP206	lightpink2	0.507040892727898
SLC8B1	SLC8B1	navajowhite2	0.61799547103144
PRORP	PRORP	navajowhite2	0.345503863987707
CILK1	CILK1	navajowhite2	0.167970224975347
CCDC32	CCDC32	navajowhite2	0.107022653223259
RTL8C	RTL8C	navajowhite2	0.659525269126782
CFAP300	CFAP300	navajowhite2	0.753069563382674
PABIR3	PABIR3	navajowhite2	0.340570137664722
RIPPLY3	RIPPLY3	navajowhite2	0.460224664046694
ANKRD20A2P	ANKRD20A2P	navajowhite2	0.47384102253073
CPLANE1	CPLANE1	navajowhite2	0.72233605202469
KRT17P7	KRT17P7	navajowhite2	0.390163376523779
RPS23P2	RPS23P2	navajowhite2	0.0925120681801943
ZNF812P	ZNF812P	navajowhite2	0.6880171811618
CFAP61	CFAP61	lightsteelblue	0.993592945291145
ADA2	ADA2	lightsteelblue	0.424720901281079
PCNX1	PCNX1	lightsteelblue	0.304043261527029
NOP53	NOP53	lightsteelblue	0.717685724113409
TASOR2	TASOR2	lightsteelblue	0.243116998595171
ATP5MC2	ATP5MC2	lightsteelblue	0.15536766941137
CLTRN	CLTRN	lightsteelblue	0.555300825012874
ARSL	ARSL	lightsteelblue	0.618973313279235
MICOS10	MICOS10	lightsteelblue	0.264969074002592
DIP2C-AS1	DIP2C-AS1	lightsteelblue	0.877307447058288
CMTR2	CMTR2	lightsteelblue	0.522623339235126
TCEAL9	TCEAL9	lightsteelblue	0.164386920948983
TOGARAM2	TOGARAM2	lightsteelblue	0.910912802793975
HNRNPA1P43	HNRNPA1P43	lightsteelblue	0.209717093179642
RPL27P7	RPL27P7	lightsteelblue	0.25501808019096
OR7E59P	OR7E59P	lightsteelblue	0.696843678687598
NCOR1P4	NCOR1P4	lightsteelblue	0.119826427079446
MAP3K20	MAP3K20	darkolivegreen2	0.285625129333611
P3H1	P3H1	darkolivegreen2	0.32802190544853
TOGARAM1	TOGARAM1	darkolivegreen2	0.567547197616629
MED15P9	MED15P9	darkolivegreen2	0.968427166498536
BMS1P17	BMS1P17	darkolivegreen2	0.590254427414053
NDUFB9P2	NDUFB9P2	darkolivegreen2	0.266944706044618
SUMO2P19	SUMO2P19	darkolivegreen2	0.219150953855944
MACROH2A2	MACROH2A2	mistyrose	0.0368411586754298
CARD19	CARD19	mistyrose	0.269289060749064
RPL17P34	RPL17P34	mistyrose	0.846666309291905
RPL5P27	RPL5P27	mistyrose	0.128346895183187
ANAPC1P2	ANAPC1P2	mistyrose	0.132508003305509
NAIPP1	NAIPP1	mistyrose	0.859250202640736
SUZ12P1	SUZ12P1	mistyrose	0.720011108851479
SPDYE10P	SPDYE10P	mistyrose	0.27680384552579
WASHC2A	WASHC2A	plum3	0.547262305454454
TASL	TASL	plum3	0.226123390228042
SHLD2	SHLD2	plum3	0.0716183673537766
ERG28	ERG28	plum3	0.257735702868542
YARS1	YARS1	plum3	0.458919294734775
MEAK7	MEAK7	plum3	0.464937332055778
RIOX2	RIOX2	plum3	0.865931772359032
RTL6	RTL6	plum3	0.29823091998129
RPL36AP16	RPL36AP16	plum3	0.0184484767115876
RPL12P12	RPL12P12	plum3	0.599967783398347
RPS7P15	RPS7P15	plum3	0.021164202988231
RPSAP11	RPSAP11	plum3	0.733386121000049
RAD21P1	RAD21P1	plum3	0.793489607121493
OR7E126P	OR7E126P	plum3	0.0658987540174662
SORD2P	SORD2P	plum3	0.237149776860612
CASTOR2	CASTOR2	plum3	0.746066763352469
ATP5F1D	ATP5F1D	plum	0.820419895443195
TMEM131L	TMEM131L	plum	0.524440920677813
ODR4	ODR4	plum	0.0852776499656834
CFAP410	CFAP410	plum	0.922174376463944
CFAP157	CFAP157	plum	0.550042914797028
RIOX1	RIOX1	plum	0.0745614544499217
GUSBP13	GUSBP13	plum	0.0277625014504998
ARMH1	ARMH1	plum	0.65378192929274
MTCO3P12	MTCO3P12	plum	0.413833935222441
MTND4LP30	MTND4LP30	plum	0.911603975292994
RTL8A	RTL8A	plum	0.0662811352242217
CENPCP1	CENPCP1	plum	0.0433133031296481
FAM91A3P	FAM91A3P	plum	0.0376787146329798
RPSAP26	RPSAP26	plum	0.0896366467295316
MFSD4BP1	MFSD4BP1	plum	0.978850826593917
SINHCAFP3	SINHCAFP3	plum	0.639302796744128
HNRNPA1P38	HNRNPA1P38	plum	0.990128572482741
HNRNPA1P50	HNRNPA1P50	plum	0.109279882239324
MTCO1P2	MTCO1P2	plum	0.970033607488419
MTCO2P22	MTCO2P22	plum	0.988105282795491
MISP	MISP	mediumpurple4	0.356873738831015
SGO1	SGO1	mediumpurple4	0.20880614297688
NECTIN2	NECTIN2	mediumpurple4	0.609762398618241
ITPRID2	ITPRID2	mediumpurple4	0.169603740136194
MAP3K21	MAP3K21	mediumpurple4	0.0278092089621843
MMUT	MMUT	mediumpurple4	0.0448859391826625
FRG1BP	FRG1BP	mediumpurple4	0.394499798839372
PWWP3A	PWWP3A	mediumpurple4	0.242266342206628
ALMS1P1	ALMS1P1	mediumpurple4	0.318677762840288
RPL12P13	RPL12P13	mediumpurple4	0.922690106387768
ACTE1P	ACTE1P	mediumpurple4	0.747175530875405
NBPF17P	NBPF17P	mediumpurple4	0.591696057537198
RPS27AP20	RPS27AP20	mediumpurple4	0.756275360590556
CLEC20A	CLEC20A	mediumpurple4	0.033281832598751
MALRD1	MALRD1	mediumpurple4	0.0334034664472329
CHP1P2	CHP1P2	mediumpurple4	0.69374225224965
H2AZP1	H2AZP1	mediumpurple4	0.0224834158317125
RPL21P16	RPL21P16	mediumpurple4	0.318674126642187
RPS26P15	RPS26P15	mediumpurple4	0.630452672569276
PPIAP53	PPIAP53	mediumpurple4	0.875791301150663
RPL12P17	RPL12P17	mediumpurple4	0.788107892194202
RPL23AP18	RPL23AP18	mediumpurple4	0.0240388477435877
PA2G4P5	PA2G4P5	mediumpurple4	0.957449739381146
RPL21P93	RPL21P93	mediumpurple4	0.610878332029029
RPL21P30	RPL21P30	mediumpurple4	0.702772335876
UBE2L5	UBE2L5	mediumpurple4	0.732904805327144
RPS27AP7	RPS27AP7	mediumpurple4	0.0267465901188129
RPS13P3	RPS13P3	mediumpurple4	0.869136147350057
RPL21P33	RPL21P33	mediumpurple4	0.694552807728474
MCRIP2P1	MCRIP2P1	mediumpurple4	0.0306093080150837
RPL5P11	RPL5P11	mediumpurple4	0.0301727625371985
H3P13	H3P13	mediumpurple4	0.861745420568094
FABP5P9	FABP5P9	mediumpurple4	0.0315230921769752
NBPF26	NBPF26	mediumpurple4	0.80190089094319
IGHV1-69D	IGHV1-69D	mediumpurple4	0.0411868730549531
GRK3	GRK3	lightpink4	0.432650069731689
DPH6	DPH6	lightpink4	0.0755064603587736
POGLUT3	POGLUT3	lightpink4	0.223058319978273
LINC01347	LINC01347	lightpink4	0.620691822870074
UMAD1	UMAD1	lightpink4	0.234181771893477
FRG1GP	FRG1GP	lightpink4	0.534192446465307
FRG1FP	FRG1FP	lightpink4	0.690771687498831
SNU13	SNU13	antiquewhite4	0.164293609017877
PYCR3	PYCR3	antiquewhite4	0.726422617732188
MTSS2	MTSS2	antiquewhite4	0.174802270304766
AZIN2	AZIN2	antiquewhite4	0.775290814060967
H1-4	H1-4	antiquewhite4	0.341048620027381
SEPTIN1	SEPTIN1	antiquewhite4	0.576987535437058
KRT18P59	KRT18P59	antiquewhite4	0.881105500808311
RPSAP61	RPSAP61	antiquewhite4	0.138545784326036
RPS27P10	RPS27P10	antiquewhite4	0.570856312827441
PPIAP78	PPIAP78	antiquewhite4	0.181860788669526
DNM1P51	DNM1P51	antiquewhite4	0.94707778239673
RPL5P15	RPL5P15	antiquewhite4	0.193864846807078
PNMA8C	PNMA8C	antiquewhite4	0.144442448190265
MIEF1	MIEF1	chocolate4	0.606630288638964
IQCN	IQCN	chocolate4	0.49284582888395
G6PC1	G6PC1	chocolate4	0.687024730070409
PSME3IP1	PSME3IP1	chocolate4	0.0615625295485627
GPR160P1	GPR160P1	chocolate4	0.432581873273922
RTL10	RTL10	chocolate4	0.56654879788639
CDC14C	CDC14C	chocolate4	0.878400369372306
PRR29	PRR29	chocolate4	0.665751752717101
FAM238B	FAM238B	chocolate4	0.0632004389221026
UBE2F-SCLY	UBE2F-SCLY	chocolate4	0.0756939304110018
HMGB1P6	HMGB1P6	chocolate4	0.561313001042442
VCPKMT	VCPKMT	yellow3	0.465539516876581
ZPR1	ZPR1	yellow3	0.726093862499958
RO60	RO60	yellow3	0.13506313036605
PIP4P1	PIP4P1	yellow3	0.670071610929733
KMT2D	KMT2D	yellow3	0.271049389731011
HOATZ	HOATZ	yellow3	0.557514526218097
NSMCE3	NSMCE3	yellow3	0.902167216485302
CIDECP1	CIDECP1	yellow3	0.408882049666153
RPS28P5	RPS28P5	yellow3	0.623641080695695
UQCRHL	UQCRHL	yellow3	0.703490398392505
NSA2P7	NSA2P7	yellow3	0.291853497353188
PPP2R5CP	PPP2R5CP	yellow3	0.975392791671558
CRYZL2P	CRYZL2P	yellow3	0.249186001853555
SMIM31	SMIM31	yellow3	0.736142164551748
LRRC37A17P	LRRC37A17P	yellow3	0.397331793360916
NBPF19	NBPF19	yellow3	0.483940347869362
CCDC198	CCDC198	magenta	0.428143897759862
ARMT1	ARMT1	magenta	0.617345013781655
CFAP251	CFAP251	magenta	0.918006397448878
H2BC5	H2BC5	magenta	0.246839226915764
ATP5MC1	ATP5MC1	magenta	0.0902877820047625
GRK2	GRK2	magenta	0.645730776415179
PHYKPL	PHYKPL	magenta	0.814067238657783
CFAP65	CFAP65	magenta	0.714528032423887
RPL5P5	RPL5P5	magenta	0.989133300525311
TMX2P1	TMX2P1	magenta	0.983295648804755
RPL7P60	RPL7P60	magenta	0.0230463494779111
RPS15AP30	RPS15AP30	magenta	0.724373509654059
RPL7P11	RPL7P11	magenta	0.0238549098880857
HGH1	HGH1	magenta	0.0808682484925904
SMG1P6	SMG1P6	magenta	0.359389979164381
NOTCH2NLA	NOTCH2NLA	magenta	0.538417518495012
H2AC19	H2AC19	magenta	0.230763895184757
PPP4R3A	PPP4R3A	navajowhite	0.547588432100872
VSIR	VSIR	navajowhite	0.506919726777189
TNS2	TNS2	navajowhite	0.532064721621454
BBOF1	BBOF1	navajowhite	0.0335637612481012
CEP131	CEP131	navajowhite	0.903708988667933
COP1	COP1	navajowhite	0.530436171733593
SAXO1	SAXO1	navajowhite	0.127853069841497
DHFR2	DHFR2	navajowhite	0.546543674181003
ERICH3	ERICH3	navajowhite	0.332606561764856
SPOUT1	SPOUT1	navajowhite	0.674044589218149
CFAP44	CFAP44	navajowhite	0.0848928968759166
H1-12P	H1-12P	navajowhite	0.0409329162337708
RPS24P8	RPS24P8	navajowhite	0.445638046779353
CDK4P1	CDK4P1	navajowhite	0.117983218692354
RPL21P92	RPL21P92	navajowhite	0.828653368183306
RPL5P26	RPL5P26	navajowhite	0.894646645939439
RPS12P3	RPS12P3	navajowhite	0.0508966335310356
H3P36	H3P36	navajowhite	0.647006628172714
SUPT16HP1	SUPT16HP1	navajowhite	0.949181664901615
RPL36A-HNRNPH2	RPL36A-HNRNPH2	navajowhite	0.0700186504336257
HSPE1P2	HSPE1P2	navajowhite	0.873298207511891
APOOP5	APOOP5	navajowhite	0.822861072833417
MTCO2P2	MTCO2P2	navajowhite	0.363203094781869
MTCO1P22	MTCO1P22	navajowhite	0.734398065384249
PRELID3B	PRELID3B	skyblue3	0.172630885782869
BICRAL	BICRAL	skyblue3	0.69721949760664
ATP5PB	ATP5PB	skyblue3	0.292210339883158
RITA1	RITA1	skyblue3	0.708856976263112
EFL1	EFL1	skyblue3	0.0552076368178218
ADGRG5	ADGRG5	skyblue3	0.606585869661997
GASK1B	GASK1B	skyblue3	0.02514047442451
DNAAF5	DNAAF5	skyblue3	0.0282008944472522
H3P16	H3P16	skyblue3	0.203284097992062
RPS2P28	RPS2P28	skyblue3	0.60312261689636
HMCES	HMCES	skyblue3	0.798851017643835
H1-0	H1-0	skyblue3	0.313242949229566
RPL21P91	RPL21P91	skyblue3	0.872323410936325
RPSAP21	RPSAP21	skyblue3	0.0284039797656046
H3P44	H3P44	skyblue3	0.921854386473066
SUMO2P21	SUMO2P21	skyblue3	0.906455531082695
RPS27AP5	RPS27AP5	skyblue3	0.522191802573092
SRP14P2	SRP14P2	skyblue3	0.234674742324491
RPS3AP28	RPS3AP28	skyblue3	0.036877278486715
RPL7P8	RPL7P8	skyblue3	0.290231459762737
PEDS1	PEDS1	skyblue3	0.305085113158542
RPL7P16	RPL7P16	skyblue3	0.0280386351811932
TMEM225B	TMEM225B	skyblue3	0.0347876365374099
GATD3B	GATD3B	skyblue3	0.191995672534409
RPS10P5	RPS10P5	darkolivegreen	0.848260116787772
TWNK	TWNK	darkolivegreen	0.222382456707007
MACROH2A1	MACROH2A1	darkolivegreen	0.39597891682781
CMTR1	CMTR1	darkolivegreen	0.608605553601386
ADGRA3	ADGRA3	darkolivegreen	0.236526463562907
NTAQ1	NTAQ1	darkolivegreen	0.888601444138682
BICDL2	BICDL2	darkolivegreen	0.565245801447554
CCDC191	CCDC191	darkolivegreen	0.370707308159698
BCLAF3	BCLAF3	darkolivegreen	0.232617194292476
RFLNB	RFLNB	darkolivegreen	0.364607690332864
LHFPL6	LHFPL6	darkolivegreen	0.698821359270407
GLMP	GLMP	darkolivegreen	0.513575989396733
REXO1L1P	REXO1L1P	darkolivegreen	0.63383171542244
RPLP1P6	RPLP1P6	darkolivegreen	0.0466926598353509
RPL26P36	RPL26P36	darkolivegreen	0.588543572178435
RPL6P4	RPL6P4	darkolivegreen	0.82719239813869
RPL23AP74	RPL23AP74	darkolivegreen	0.492660181518816
RPS10P9	RPS10P9	darkolivegreen	0.749882819439121
NACA4P	NACA4P	darkolivegreen	0.760173448314659
NCOA4P4	NCOA4P4	darkolivegreen	0.612173518134646
RPL10P18	RPL10P18	darkolivegreen	0.947634581525708
XIAPP2	XIAPP2	darkolivegreen	0.628550009437332
PPT2-EGFL8	PPT2-EGFL8	darkolivegreen	0.57359041831126
HMGB1P33	HMGB1P33	darkolivegreen	0.570536852346178
PAK5	PAK5	darkseagreen2	0.541274791230604
MTERF1	MTERF1	darkseagreen2	0.415305837790829
MFSD13A	MFSD13A	darkseagreen2	0.394927623067271
MINDY3	MINDY3	darkseagreen2	0.186900577913197
ATP23	ATP23	darkseagreen2	0.627472768809521
ADGRE1	ADGRE1	darkseagreen2	0.618981264308199
MICOS13	MICOS13	darkseagreen2	0.350624345472638
ITPRID1	ITPRID1	darkseagreen2	0.890706422875528
NBDY	NBDY	darkseagreen2	0.478590924310348
ZNF625-ZNF20	ZNF625-ZNF20	darkseagreen2	0.638896552615201
RBMXP5	RBMXP5	darkseagreen2	0.933126879033324
C2orf92	C2orf92	darkseagreen2	0.449554556037131
LYPD9P	LYPD9P	darkseagreen2	0.433920915209877
SPDYE21	SPDYE21	darkseagreen2	0.636877013417246
HSPE1P27	HSPE1P27	darkseagreen2	0.0550144944367279
SKINT1L	SKINT1L	darkseagreen2	0.755182677016805
RPL30P11	RPL30P11	darkseagreen2	0.488292021263796
NAIPP4	NAIPP4	darkseagreen2	0.114631087673145
RUBCNL	RUBCNL	brown2	0.212133607132174
GARS1	GARS1	brown2	0.127188575996481
RELCH	RELCH	brown2	0.601859962191906
PHETA2	PHETA2	brown2	0.808867985298573
NPM1P7	NPM1P7	brown2	0.712263394980874
MTCYBP14	MTCYBP14	brown2	0.0375624099142956
THAP12P9	THAP12P9	brown2	0.219588716284087
NDUFAF2P2	NDUFAF2P2	brown2	0.509640517180457
TRAPPC2B	TRAPPC2B	brown2	0.469461348463523
H4C5	H4C5	brown2	0.513082328610737
ANTKMT	ANTKMT	thistle2	0.0897097713587716
CAPN15	CAPN15	thistle2	0.658342794502741
ELOB	ELOB	thistle2	0.45402567825392
ERBIN	ERBIN	thistle2	0.36200047917907
SLF2	SLF2	thistle2	0.643591891063134
SMPD4BP	SMPD4BP	thistle2	0.654405506179849
KYAT1	KYAT1	thistle2	0.664093346794253
TMEM270	TMEM270	thistle2	0.479602265199755
PRR13P5	PRR13P5	thistle2	0.900748039317698
UQCC3	UQCC3	thistle2	0.379294135045196
SREK1IP1P1	SREK1IP1P1	thistle2	0.711990584168503
RPL27P6	RPL27P6	thistle2	0.55278263098835
PPIAP64	PPIAP64	thistle2	0.0455360310564002
SSBL2P	SSBL2P	thistle2	0.504034643342045
ACTG1P20	ACTG1P20	thistle2	0.0198902540929364
C10orf88B	C10orf88B	thistle2	0.0660788250920892
MTND1P8	MTND1P8	thistle2	0.0563444098953067
NBPF25P	NBPF25P	thistle2	0.564285683810821
VPS35L	VPS35L	red	0.480311675775543
CFAP69	CFAP69	red	0.3571763185134
LSM8	LSM8	red	0.128373177347102
PATJ	PATJ	red	0.949154118354646
CATIP	CATIP	red	0.600258987674525
CAVIN1	CAVIN1	red	0.287007224540603
EMC3-AS1	EMC3-AS1	red	0.600267294290682
SMG1P3	SMG1P3	red	0.673492006757867
CFAP54	CFAP54	red	0.805880882537349
ZNRD1ASP	ZNRD1ASP	red	0.106858817383536
INSYN1	INSYN1	red	0.782020076156786
RPL7P33	RPL7P33	red	0.640369944906403
RPS3AP37	RPS3AP37	red	0.0816018967103117
DPY19L4P2	DPY19L4P2	red	0.509004911697641
KLF2P4	KLF2P4	red	0.784628155574028
MTCO3P11	MTCO3P11	red	0.0303702011215586
LINC02495	LINC02495	red	0.581039292770926
TEX49	TEX49	red	0.168216254054755
OR7A19P	OR7A19P	red	0.761800589136114
TUBAP6	TUBAP6	red	0.929618751608978
BPNT2	BPNT2	saddlebrown	0.942005917416253
RIC1	RIC1	saddlebrown	0.277271430954636
POGLUT2	POGLUT2	saddlebrown	0.284111618877707
BABAM2	BABAM2	saddlebrown	0.349445053792339
HACD1	HACD1	saddlebrown	0.343077422551923
H2AC6	H2AC6	saddlebrown	0.291634325371921
DIPK1C	DIPK1C	saddlebrown	0.346430754457625
MARCHF5	MARCHF5	saddlebrown	0.634131094339888
RPS4XP8	RPS4XP8	saddlebrown	0.946613954967898
RPL23AP58	RPL23AP58	saddlebrown	0.0892711304637853
DDX3P1	DDX3P1	saddlebrown	0.359825765592747
RPL10P5	RPL10P5	saddlebrown	0.990102504281595
HNRNPA1P47	HNRNPA1P47	saddlebrown	0.0273279430505067
RPL23AP32	RPL23AP32	saddlebrown	0.0930740562177378
RPL10AP1	RPL10AP1	saddlebrown	0.520535770736381
LSP1P5	LSP1P5	saddlebrown	0.206923441813267
SMBD1P	SMBD1P	saddlebrown	0.16429641120772
TLE5	TLE5	lightblue4	0.410399167969347
KMT5B	KMT5B	lightblue4	0.223553004459882
TARS1	TARS1	lightblue4	0.427774739569133
PRELID3A	PRELID3A	lightblue4	0.265445087581487
MARCHF4	MARCHF4	lightblue4	0.648109677601019
MFSD14B	MFSD14B	lightblue4	0.309687467197313
MIDEAS	MIDEAS	lightblue4	0.0760697891916634
HDGFL2	HDGFL2	lightblue4	0.36028479439707
CAVIN2	CAVIN2	lightblue4	0.0284866224635554
GATD1	GATD1	lightblue4	0.588321104771833
H3P47	H3P47	lightblue4	0.538998981398815
ARHGAP45	ARHGAP45	lightblue4	0.647540529081236
H2AZP3	H2AZP3	lightblue4	0.0679116805008517
ARL4AP5	ARL4AP5	lightblue4	0.0867714582965626
RPL7P32	RPL7P32	lightblue4	0.0913931047960609
RPL12P25	RPL12P25	lightblue4	0.221622671589979
MTCO1P12	MTCO1P12	lightblue4	0.238575254011833
RPS3AP18	RPS3AP18	lightblue4	0.894052035627924
EFL1P1	EFL1P1	lightblue4	0.0278059097526726
HNRNPCP4	HNRNPCP4	lightblue4	0.691856733870186
H2BC7	H2BC7	lightblue4	0.0331775752988813
LMLN2	LMLN2	lightblue4	0.980501770554036
ODAD1	ODAD1	honeydew1	0.400513733584612
POLR1G	POLR1G	honeydew1	0.498880305350806
SHFL	SHFL	honeydew1	0.457055497643857
SDHAF4	SDHAF4	honeydew1	0.492962112411715
SNX5P2	SNX5P2	honeydew1	0.991647396200898
GOLGA2P11	GOLGA2P11	honeydew1	0.643859901436933
SEC22B4P	SEC22B4P	honeydew1	0.318030483312049
POLR1F	POLR1F	skyblue2	0.197093121197259
ERMARD	ERMARD	skyblue2	0.69828432931636
JCHAIN	JCHAIN	skyblue2	0.205505198281305
CEP162	CEP162	skyblue2	0.177161207853719
TRMO	TRMO	skyblue2	0.418091426049487
SQOR	SQOR	skyblue2	0.0875368201123904
MTERF3	MTERF3	skyblue2	0.608152899088021
SPINDOC	SPINDOC	skyblue2	0.0209683851044816
B4GAT1	B4GAT1	skyblue2	0.0366828614644934
ANKRD49P2	ANKRD49P2	skyblue2	0.207837427951352
RPL6P24	RPL6P24	skyblue2	0.242429807011695
GABPAP	GABPAP	skyblue2	0.0535365397857433
MRPS18CP7	MRPS18CP7	skyblue2	0.151397386269263
CASTOR3	CASTOR3	skyblue2	0.869644403712234
RPL32P13	RPL32P13	skyblue2	0.379013135220072
ACTG1P17	ACTG1P17	skyblue2	0.952820440319861
BPTFP1	BPTFP1	skyblue2	0.604493165916591
KPNA2P3	KPNA2P3	skyblue2	0.59541122836349
NEURL1	NEURL1	lightcyan	0.433561468103444
STK26	STK26	lightcyan	0.48770035784395
MARCHF7	MARCHF7	lightcyan	0.0817605490785388
H3-3A	H3-3A	lightcyan	0.146112260217502
ACSM6	ACSM6	lightcyan	0.341234624984208
RPL10P16	RPL10P16	lightcyan	0.289278673390538
RPL12P16	RPL12P16	lightcyan	0.44416247171996
VARS1	VARS1	lightcyan	0.65110766679849
RPL23AP43	RPL23AP43	lightcyan	0.93992864836917
HNRNPA1P36	HNRNPA1P36	lightcyan	0.337505162123377
CBLL1P1	CBLL1P1	lightcyan	0.698648226876032
H3P6	H3P6	lightcyan	0.18000975516737
RPS27P21	RPS27P21	lightcyan	0.179112136819742
SKP1P2	SKP1P2	lightcyan	0.0925141145469538
BCLAF1P2	BCLAF1P2	lightcyan	0.601033271284306
LITAFD	LITAFD	lightcyan	0.569337782498742
NSD2	NSD2	deeppink	0.150562136293577
LRMDA	LRMDA	deeppink	0.385578835806079
GRAMD2B	GRAMD2B	deeppink	0.709668375583891
RAMAC	RAMAC	deeppink	0.191770849808447
MFSD4B	MFSD4B	deeppink	0.431856730347408
ADGRG2	ADGRG2	deeppink	0.382016702713642
TLCD5	TLCD5	deeppink	0.408377014467454
TARS3	TARS3	deeppink	0.707379793564099
JPT1	JPT1	deeppink	0.315310284583977
RPS4XP7	RPS4XP7	deeppink	0.267936946550855
PIGBOS1	PIGBOS1	deeppink	0.905801984193373
RPS3AP48	RPS3AP48	deeppink	0.335114832648123
MTCO1P15	MTCO1P15	deeppink	0.207025961091491
MTDHP3	MTDHP3	deeppink	0.0224999471890043
P3H3	P3H3	blue4	0.0548930491251917
UTP4	UTP4	blue4	0.177022078798186
RADX	RADX	blue4	0.531801313936067
VPS26C	VPS26C	blue4	0.266120713895083
TASOR	TASOR	blue4	0.38050255831005
LRATD2	LRATD2	blue4	0.245094142287971
CALHM5	CALHM5	blue4	0.522444987044044
HACD2	HACD2	blue4	0.542148280571871
RAB6D	RAB6D	blue4	0.0257773123766368
RPL36AP13	RPL36AP13	blue4	0.0606442294298116
HNRNPA1P54	HNRNPA1P54	blue4	0.584383669029126
RPS26P28	RPS26P28	blue4	0.763041208463808
ODCP	ODCP	blue4	0.698966402084555
MTHFD2P1	MTHFD2P1	blue4	0.827230133641528
CHORDC1P3	CHORDC1P3	blue4	0.770362513162386
DNAAF4	DNAAF4	blue4	0.440443550570929
SPDYE9	SPDYE9	blue4	0.786325554370172
SPDYE8	SPDYE8	blue4	0.834292312264459
SPDYE11	SPDYE11	blue4	0.834292312264459
SPRING1	SPRING1	skyblue4	0.236406765741257
ARFGEF3	ARFGEF3	skyblue4	0.534579718214224
RXYLT1	RXYLT1	skyblue4	0.53888582810379
KHDC4	KHDC4	skyblue4	0.203124787946257
NIBAN1	NIBAN1	skyblue4	0.414031577104854
RMC1	RMC1	skyblue4	0.0619049452781934
CFAP36	CFAP36	skyblue4	0.506449290653842
CAVIN4	CAVIN4	skyblue4	0.150931636956237
SEPTIN7P13	SEPTIN7P13	skyblue4	0.292580905337289
KRT17P5	KRT17P5	skyblue4	0.982030984559039
PDPK2P	PDPK2P	skyblue4	0.901392645646772
FOXL2NB	FOXL2NB	skyblue4	0.709246673393933
CIBAR1P2	CIBAR1P2	skyblue4	0.505139929896165
STPG4	STPG4	skyblue4	0.538084741092835
FAR2P3	FAR2P3	skyblue4	0.764871648738389
MIX23P5	MIX23P5	skyblue4	0.550532081607282
RHPN2P1	RHPN2P1	skyblue4	0.968080216821846
GPR160P2	GPR160P2	skyblue4	0.278296207352483
ADGRD1	ADGRD1	ivory	0.521044782328597
RETREG3	RETREG3	ivory	0.516107718832247
NPIPB3	NPIPB3	ivory	0.38320590107375
SMG1P4	SMG1P4	ivory	0.42303934562769
MRTFB	MRTFB	ivory	0.207014277214218
PRR27	PRR27	ivory	0.57742432920801
NOL4L	NOL4L	ivory	0.295613901380935
ARMCX7P	ARMCX7P	ivory	0.0638218763992416
NAIPP3	NAIPP3	ivory	0.510327054001145
PDE4DIPP4	PDE4DIPP4	ivory	0.289137093533415
VSIG10L2	VSIG10L2	ivory	0.280826182455682
ASDURF	ASDURF	ivory	0.415796231094414
RIPOR2	RIPOR2	salmon4	0.0833218084568516
ADPRS	ADPRS	salmon4	0.169098831642718
SEPTIN7P9	SEPTIN7P9	salmon4	0.690759950840817
TUT4	TUT4	salmon4	0.745457084412979
GCNA	GCNA	salmon4	0.0731658326554934
TMEM267	TMEM267	salmon4	0.153443197713752
PRXL2B	PRXL2B	salmon4	0.0788506118103398
FMC1	FMC1	salmon4	0.364212268372616
PRKN	PRKN	salmon4	0.704587318687435
POMK	POMK	salmon4	0.571288732797744
H2BC18	H2BC18	salmon4	0.707200810514646
EIF4EP1	EIF4EP1	salmon4	0.86854990489107
CCNQ	CCNQ	salmon4	0.162356763125691
KARS1P3	KARS1P3	salmon4	0.152365996091391
TENT5A	TENT5A	green4	0.614036613468193
TMEM263	TMEM263	green4	0.401656563627286
CARNMT1	CARNMT1	green4	0.327138032794294
PYM1	PYM1	green4	0.472566320404889
OR7A2P	OR7A2P	green4	0.176055586299023
LRRC75A	LRRC75A	green4	0.148522462082839
RPSAP19	RPSAP19	green4	0.303736959895132
HNRNPA1P61	HNRNPA1P61	green4	0.0457979368835709
EOLA2	EOLA2	green4	0.026624500773735
PTMAP9	PTMAP9	green4	0.500235307556417
RPL23AP57	RPL23AP57	green4	0.834253488898998
EEF1B2P7	EEF1B2P7	green4	0.858285608169424
EEF1B2P6	EEF1B2P6	green4	0.716997036988596
RPS3AP36	RPS3AP36	green4	0.984820811573332
RPS3AP21	RPS3AP21	green4	0.536241076619797
RPL7P58	RPL7P58	green4	0.898122188321185
RPSAP45	RPSAP45	green4	0.952597278368399
RPSAP18	RPSAP18	green4	0.11079351587025
RPL7P7	RPL7P7	green4	0.0355970061291678
HNRNPA1P35	HNRNPA1P35	green4	0.435793309154727
RPSAP49	RPSAP49	green4	0.866407143552957
RPS28P7	RPS28P7	green4	0.30598375875713
HNRNPA1P63	HNRNPA1P63	green4	0.871210636328451
RPL7P6	RPL7P6	green4	0.681899418775696
RPL21P37	RPL21P37	green4	0.552624630796327
HNRNPA1P53	HNRNPA1P53	green4	0.984882183958339
HSP90AA3P	HSP90AA3P	green4	0.609965308687903
RPL15P5	RPL15P5	green4	0.133525397421005
RPS26P38	RPS26P38	green4	0.919080186662316
RPS4XP11	RPS4XP11	green4	0.917803926995511
RPSAP16	RPSAP16	green4	0.0416632514663061
RPL31P17	RPL31P17	green4	0.640577855633137
DRG1P1	DRG1P1	green4	0.0392718629752978
SMIM27	SMIM27	green4	0.611416497233804
RPL17P36	RPL17P36	green4	0.29853819063146
HNRNPA1P39	HNRNPA1P39	green4	0.963659344635611
RPL21P34	RPL21P34	green4	0.966819103650243
RPL7P24	RPL7P24	green4	0.881094380085913
RPSAP12	RPSAP12	green4	0.75303740370342
RPSAP3	RPSAP3	green4	0.821405867960791
RPL23AP65	RPL23AP65	green4	0.515773439169882
RPS18P6	RPS18P6	green4	0.817939716626408
RPS4XP6	RPS4XP6	green4	0.94269948434519
RPL7P23	RPL7P23	green4	0.756610710430674
RPL35AP27	RPL35AP27	green4	0.759693040507516
ATP5MGP3	ATP5MGP3	green4	0.966030394645101
HNRNPA3P7	HNRNPA3P7	green4	0.153504426022879
FUNDC2P1	FUNDC2P1	green4	0.0228728174276748
MTCO1P40	MTCO1P40	green4	0.925288161297606
CHORDC1P4	CHORDC1P4	green4	0.0301962403579636
PDCD6IPP1	PDCD6IPP1	green4	0.113985441608106
SIK1B	SIK1B	green4	0.562492949993233
PTMAP12	PTMAP12	green4	0.707494185637742
RARS1	RARS1	lightslateblue	0.452219852035811
ETNPPL	ETNPPL	lightslateblue	0.472556619123639
PMS2P6	PMS2P6	lightslateblue	0.974277822752378
NPIPA8	NPIPA8	lightslateblue	0.465399415057292
NPIPA7	NPIPA7	lightslateblue	0.263261157353794
SMIM26	SMIM26	lightslateblue	0.184373972832687
HNRNPA1P57	HNRNPA1P57	lightslateblue	0.577849597500898
RPL7P38	RPL7P38	lightslateblue	0.580588555967435
OR10AH1P	OR10AH1P	lightslateblue	0.447558915914183
PMS2P8	PMS2P8	lightslateblue	0.992877828496431
DARS1	DARS1	orangered3	0.628256336730526
ADGRE2	ADGRE2	orangered3	0.227975713839392
ATP5IF1	ATP5IF1	orangered3	0.273835385408721
NOCT	NOCT	orangered3	0.67268495520691
TOMM70	TOMM70	orangered3	0.495402905223845
MARF1	MARF1	orangered3	0.747985064061385
SPDYE2B	SPDYE2B	orangered3	0.623581680285185
SPDYE17	SPDYE17	orangered3	0.599767594756883
HACD4	HACD4	orangered3	0.18893437337739
TAFA2	TAFA2	orangered3	0.457859236826565
PPIAP82	PPIAP82	orangered3	0.522335266444121
PPIAP89	PPIAP89	orangered3	0.526892331074701
PPIAP40	PPIAP40	orangered3	0.803374609224947
PPIAP70	PPIAP70	orangered3	0.216391692469482
PPIAP65	PPIAP65	orangered3	0.697711889845259
LLPHP3	LLPHP3	orangered3	0.367646563717949
RPL7P13	RPL7P13	orangered3	0.499941907438314
HNRNPA1P62	HNRNPA1P62	orangered3	0.033624887080773
EEF1DP7	EEF1DP7	orangered3	0.0232961622321907
RHOXF1P3	RHOXF1P3	orangered3	0.133009288331361
MESD	MESD	thistle4	0.592671064415265
INTS11	INTS11	thistle4	0.386566983316826
CEP20	CEP20	thistle4	0.14810889599061
DRC7	DRC7	thistle4	0.601409788713877
DIPK1B	DIPK1B	thistle4	0.740014602899217
TMEM266	TMEM266	thistle4	0.35880798208315
NAP1L6P	NAP1L6P	thistle4	0.480827588216861
PLEKHM1P1	PLEKHM1P1	thistle4	0.417434728284799
PDPR2P	PDPR2P	thistle4	0.443405379828338
RPL10P17	RPL10P17	thistle4	0.972893284528073
RHOXF1P1	RHOXF1P1	thistle4	0.779694310600858
RPL12P6	RPL12P6	thistle4	0.50199194931209
H2BC6	H2BC6	thistle4	0.416062064152889
EEF1A1P42	EEF1A1P42	thistle4	0.83578298773202
CCN2	CCN2	darkgrey	0.108559641849102
IFTAP	IFTAP	darkgrey	0.0441655873304141
PPIAP72	PPIAP72	darkgrey	0.113189401068993
MTLN	MTLN	darkgrey	0.160182384801046
SEPTIN5	SEPTIN5	darkgrey	0.195717285779571
EEF1AKMT2	EEF1AKMT2	darkgrey	0.235362583022032
RACK1	RACK1	darkgrey	0.234293892104906
FAM174C	FAM174C	darkgrey	0.567268243629729
ATP5MC2P3	ATP5MC2P3	darkgrey	0.409981870746672
SLC4A1APP1	SLC4A1APP1	darkgrey	0.118464191612617
RPL21P12	RPL21P12	darkgrey	0.177396971035441
WHSC1L2P	WHSC1L2P	darkgrey	0.489816402599958
H4C15	H4C15	darkgrey	0.180579849332223
ABITRAM	ABITRAM	tan	0.0344977393083198
ARMH4	ARMH4	tan	0.519459227747688
CFAP74	CFAP74	tan	0.584699255329182
TRAPPC3L	TRAPPC3L	tan	0.365995730671008
RBIS	RBIS	tan	0.319355484799025
CYBC1	CYBC1	tan	0.593132004731812
UTP11	UTP11	tan	0.428595504170852
RPS8P10	RPS8P10	tan	0.83100764874063
NDUFAF8	NDUFAF8	tan	0.152792793686841
SUGT1P1	SUGT1P1	tan	0.0153888878551021
NPIPA9	NPIPA9	tan	0.762916407677417
RPSAP31	RPSAP31	tan	0.154151260461756
RPS5P8	RPS5P8	tan	0.0747032398518436
H3P23	H3P23	tan	0.308382571286996
AGGF1P8	AGGF1P8	tan	0.190320719386603
KMT2B	KMT2B	tan	0.467199729796503
H3C8	H3C8	tan	0.985499949864695
DYNC2I2	DYNC2I2	black	0.713373918921625
PGAP6	PGAP6	black	0.381506783735031
ADGRL3	ADGRL3	black	0.0285297709247678
TLCD4	TLCD4	black	0.162417865580038
FCMR	FCMR	black	0.0564770259769941
ICE1	ICE1	black	0.0383426837543129
SEPTIN8	SEPTIN8	black	0.317287512805325
MARCHF3	MARCHF3	black	0.565395806277882
NPIPA5	NPIPA5	black	0.303738485307483
H4C11	H4C11	black	0.354703443371775
H3C4	H3C4	black	0.0353401624743402
H3C14	H3C14	black	0.610381401800544
H3C15	H3C15	black	0.610381401800544
TMEM273	TMEM273	black	0.0386346319199797
RPL32P24	RPL32P24	black	0.074644902498477
NIFKP3	NIFKP3	black	0.0279113391359407
NATD1	NATD1	black	0.611364870405032
H2AC14	H2AC14	black	0.12496338562792
PTPA	PTPA	lightcyan1	0.479902931518401
JAML	JAML	lightcyan1	0.089990385703824
CT55	CT55	lightcyan1	0.776499521337296
DRC3	DRC3	lightcyan1	0.517251054659738
PABIR1	PABIR1	lightcyan1	0.0296690069995995
BLOC1S6P1	BLOC1S6P1	lightcyan1	0.830020325603894
MPIG6B	MPIG6B	lightcyan1	0.0739969674763066
RPL22P1	RPL22P1	lightcyan1	0.528306358043325
HSP90AA2P	HSP90AA2P	lightcyan1	0.653046095713974
USP21P1	USP21P1	lightcyan1	0.909604144307569
RPL7P59	RPL7P59	lightcyan1	0.873121137727939
RPL26P6	RPL26P6	lightcyan1	0.028951887307024
RPS3AP13	RPS3AP13	lightcyan1	0.0210186346062195
C3orf85	C3orf85	lightcyan1	0.48457274125052
RPL7P19	RPL7P19	lightcyan1	0.664708142349793
ARPIN	ARPIN	lightcyan1	0.351714745933645
H2AJ	H2AJ	lightcyan1	0.0377330581180094
RPL7P20	RPL7P20	lightcyan1	0.831353003752545
SRSF3P1	SRSF3P1	lightcyan1	0.927684089848453
P2RX5-TAX1BP3	P2RX5-TAX1BP3	lightcyan1	0.362132606831346
SNRPGP18	SNRPGP18	lightcyan1	0.0232933247319594
SCYGR4	SCYGR4	lightcyan1	0.350915072053379
TENT4B	TENT4B	palevioletred2	0.223407130718646
H3-3B	H3-3B	palevioletred2	0.33358923248978
SGF29	SGF29	palevioletred2	0.460619811041816
H3-5	H3-5	palevioletred2	0.795199998419325
ZSCAN26	ZSCAN26	palevioletred2	0.539388948636136
H2BC12	H2BC12	palevioletred2	0.0753075546154507
PKD1P4	PKD1P4	palevioletred2	0.683030614271737
RPL7P27	RPL7P27	palevioletred2	0.126341437234847
RPL26P19	RPL26P19	palevioletred2	0.587528376429969
RPL23P5	RPL23P5	palevioletred2	0.409323686787069
RPL19P5	RPL19P5	palevioletred2	0.595946148294435
C10orf143	C10orf143	palevioletred2	0.316492055063828
RPL30P7	RPL30P7	palevioletred2	0.254528595070935
H3P24	H3P24	palevioletred2	0.909722705346063
KIAA1143P1	KIAA1143P1	palevioletred2	0.56289375360906
HNRNPCP3	HNRNPCP3	palevioletred2	0.212762353106539
H3C1	H3C1	palevioletred2	0.0851377288431145
MTERF4	MTERF4	honeydew	0.292213351987972
CYREN	CYREN	honeydew	0.574800866220027
NIBAN2	NIBAN2	honeydew	0.0810166337568138
ATPSCKMT	ATPSCKMT	honeydew	0.853777760620836
ATP5MC3	ATP5MC3	honeydew	0.112073612256043
ERICH6	ERICH6	honeydew	0.764292694753663
NIBAN3	NIBAN3	honeydew	0.412869229260714
H2BC4	H2BC4	honeydew	0.118496034315767
DENND10P1	DENND10P1	honeydew	0.189093183645392
ACTG1P14	ACTG1P14	honeydew	0.132065021370097
RPL23AP49	RPL23AP49	honeydew	0.230995156024729
MORF4L1P3	MORF4L1P3	honeydew	0.221685297674303
SEPTIN6	SEPTIN6	lightyellow	0.218980597059121
EPRS1	EPRS1	lightyellow	0.763132152735249
DMAC1	DMAC1	lightyellow	0.766619576533427
CFAP298	CFAP298	lightyellow	0.681681880623848
PLPP7	PLPP7	lightyellow	0.421143923955721
COQ8A	COQ8A	lightyellow	0.327736434308897
ABRAXAS1	ABRAXAS1	lightyellow	0.589018759508243
FAR2P1	FAR2P1	lightyellow	0.153017890598287
GET1	GET1	lightyellow	0.158863578370539
PLPP4	PLPP4	lightyellow	0.486320147059838
LINC00431	LINC00431	lightyellow	0.742406691278277
MTCO1P53	MTCO1P53	lightyellow	0.593264058361574
TPTEP2	TPTEP2	lightyellow	0.354301462469483
AIDAP2	AIDAP2	lightyellow	0.83579994664207
H2BC9	H2BC9	lightyellow	0.600335689878741
MMP24OS	MMP24OS	darkolivegreen4	0.837837705318221
ADGRF1	ADGRF1	darkolivegreen4	0.340296422565876
ADGRG3	ADGRG3	darkolivegreen4	0.0791388161401119
HYKK	HYKK	darkolivegreen4	0.504620234517175
NPIPB5	NPIPB5	darkolivegreen4	0.552275975739856
H2AZP2	H2AZP2	darkolivegreen4	0.756344592115392
SMIM35	SMIM35	darkolivegreen4	0.780381228538437
RCC1L	RCC1L	darkolivegreen4	0.312182839487379
HSP90AB4P	HSP90AB4P	darkolivegreen4	0.53543791632518
TBC1D27P	TBC1D27P	lightpink3	0.450212553282194
IFT22	IFT22	lightpink3	0.742755413524712
CEMIP2	CEMIP2	lightpink3	0.234690393604623
ODAPH	ODAPH	lightpink3	0.483958110998018
ACP7	ACP7	lightpink3	0.903661533322487
GDF5-AS1	GDF5-AS1	lightpink3	0.937435461064416
SLC44A3-AS1	SLC44A3-AS1	lightpink3	0.702530703595234
DPY19L1P1	DPY19L1P1	lightpink3	0.414752418435785
ANOS2P	ANOS2P	lightpink3	0.858463652936744
TERB1	TERB1	lightpink3	0.488067593151056
CYP2B7P	CYP2B7P	lightpink3	0.672467396762875
BNIP3P11	BNIP3P11	lightpink3	0.0400586754599752
GRAMD4P3	GRAMD4P3	lightpink3	0.775536177103158
PIMREG	PIMREG	indianred3	0.690108740329629
RIDA	RIDA	indianred3	0.357901714759287
PCNX2	PCNX2	indianred3	0.745317803067862
NPIPB13	NPIPB13	indianred3	0.295216035269536
RBM39P1	RBM39P1	indianred3	0.687116784433353
RPL7P12	RPL7P12	indianred3	0.218728656329732
CCNB3P1	CCNB3P1	indianred3	0.951666571902798
LINC00933	LINC00933	indianred3	0.496306416110201
BNIP3P37	BNIP3P37	indianred3	0.390467636920456
ANKRD20A3P	ANKRD20A3P	indianred3	0.683261964272982
CRACR2A	CRACR2A	darkorange2	0.145177388246508
NARS1	NARS1	darkorange2	0.332173802450057
RUSF1	RUSF1	darkorange2	0.302216653394906
EMSY	EMSY	darkorange2	0.720020768398812
NEPRO	NEPRO	darkorange2	0.789570586879132
CENPX	CENPX	darkorange2	0.053357310786184
QARS1	QARS1	darkorange2	0.172385514994075
SLC25A51P4	SLC25A51P4	darkorange2	0.39196705549628
GET3	GET3	darkorange2	0.0628960562592108
PPIAP35	PPIAP35	darkorange2	0.13221935861516
RPL19P16	RPL19P16	darkorange2	0.0272456617105098
PPIAP36	PPIAP36	darkorange2	0.545947182363265
BMS1P16	BMS1P16	darkorange2	0.0744939595318137
PDE4DIPP2	PDE4DIPP2	darkorange2	0.124480240897094
METTL26	METTL26	darkviolet	0.65753839628456
SINHCAF	SINHCAF	darkviolet	0.149364423027951
TIMM29	TIMM29	darkviolet	0.660285776887958
LNPK	LNPK	darkviolet	0.393732314700755
CFAP97	CFAP97	darkviolet	0.221707611405978
SMIM29	SMIM29	darkviolet	0.0456632887132315
SNF8P1	SNF8P1	darkviolet	0.679773527639836
RTL8B	RTL8B	darkviolet	0.0358235179252903
RPL7AP4	RPL7AP4	darkviolet	0.0271551864252449
RPL23P11	RPL23P11	darkviolet	0.813157501750095
RPL12P15	RPL12P15	darkviolet	0.631977087234847
RPS20P10	RPS20P10	darkviolet	0.596297008128524
ZNF593OS	ZNF593OS	darkviolet	0.0222216619104642
RPL30P4	RPL30P4	darkviolet	0.650618298981252
NASPP1	NASPP1	darkviolet	0.519634084888897
RBSN	RBSN	blueviolet	0.836429354802017
SELENON	SELENON	blueviolet	0.183204269524076
WASHC5	WASHC5	blueviolet	0.403330395701919
MTCL1	MTCL1	blueviolet	0.179708131306044
CENATAC	CENATAC	blueviolet	0.292471651964163
SDHDP3	SDHDP3	blueviolet	0.0601517133221883
RPL23P10	RPL23P10	blueviolet	0.852017743869012
ARPIN-AP3S2	ARPIN-AP3S2	blueviolet	0.0844041078771138
UBTFL9	UBTFL9	blueviolet	0.440866523204839
TMEM272	TMEM272	blueviolet	0.505256341816751
TESMIN	TESMIN	antiquewhite2	0.0815408001558496
SHISAL1	SHISAL1	antiquewhite2	0.760171181926859
CCDC186	CCDC186	antiquewhite2	0.726949135032742
WASHC1	WASHC1	antiquewhite2	0.524938187687633
RPS26P58	RPS26P58	antiquewhite2	0.772406836675355
MKRN2OS	MKRN2OS	antiquewhite2	0.607707085006396
GOLGA2P5	GOLGA2P5	antiquewhite2	0.529017129089582
MTCO1P24	MTCO1P24	antiquewhite2	0.702707170700278
IARS2P1	IARS2P1	antiquewhite2	0.91505783022912
RPL10P13	RPL10P13	antiquewhite2	0.646017325124067
EEF1A1P2	EEF1A1P2	antiquewhite2	0.891394513308057
BORCS7-ASMT	BORCS7-ASMT	antiquewhite2	0.179795443740649
GPALPP1	GPALPP1	darkgreen	0.424435878354634
P3H4	P3H4	darkgreen	0.805684264498307
FLACC1	FLACC1	darkgreen	0.617375395135538
MYORG	MYORG	darkgreen	0.481842917130851
FAM241A	FAM241A	darkgreen	0.6103099062641
IFITM3P2	IFITM3P2	darkgreen	0.612441301330265
MTCO1P25	MTCO1P25	darkgreen	0.743931012841827
EIF1P3	EIF1P3	darkgreen	0.981307770599974
OR13I1P	OR13I1P	darkgreen	0.65661396601692
CHMP1B2P	CHMP1B2P	darkgreen	0.336911792896096
KMT5C	KMT5C	darkseagreen3	0.579496277278428
ECPAS	ECPAS	darkseagreen3	0.859624043720525
DOP1B	DOP1B	darkseagreen3	0.517611704455607
MIGA1	MIGA1	darkseagreen3	0.523423584729247
PRSS40A	PRSS40A	darkseagreen3	0.581170915282038
ZNF724	ZNF724	darkseagreen3	0.438103976941702
TEX45	TEX45	darkseagreen3	0.493549032708423
FGF7P3	FGF7P3	darkseagreen3	0.681779475916576
TUBA5P	TUBA5P	darkseagreen3	0.922765644820919
HNRNPA1P37	HNRNPA1P37	darkseagreen3	0.990320375389908
WBP11P2	WBP11P2	darkseagreen3	0.472529512334536
ZPLD2P	ZPLD2P	darkseagreen3	0.221205311292735
RPL32P9	RPL32P9	darkseagreen3	0.44622349964954
ATP5MGL	ATP5MGL	darkseagreen3	0.655684408312526
LARS1	LARS1	royalblue	0.401787655591622
RPL7P9	RPL7P9	royalblue	0.588208415140564
ELOC	ELOC	royalblue	0.282737965986924
CARMIL2	CARMIL2	royalblue	0.755830784764648
VDAC2P5	VDAC2P5	royalblue	0.398971283321656
MFSD4A	MFSD4A	royalblue	0.130321153219678
MFSD14C	MFSD14C	royalblue	0.463986602293268
RPL7P1	RPL7P1	royalblue	0.669363587555532
RPL32P16	RPL32P16	royalblue	0.990389493238746
CUTALP	CUTALP	royalblue	0.894990810578898
RPS3AP7	RPS3AP7	royalblue	0.816934691502432
HSPE1P4	HSPE1P4	royalblue	0.994073919474354
SINHCAFP1	SINHCAFP1	royalblue	0.0299843026618095
GOLGA2P9	GOLGA2P9	royalblue	0.888763757323369
C11orf98	C11orf98	royalblue	0.407068026856456
SARAF	SARAF	yellowgreen	0.353541944675283
BORCS5	BORCS5	yellowgreen	0.235614830962071
WDR97	WDR97	yellowgreen	0.692957933177871
IFITM3P4	IFITM3P4	yellowgreen	0.705514597535471
HEBP2P1	HEBP2P1	yellowgreen	0.735670899327699
SELENOP	SELENOP	yellowgreen	0.475699086557364
SPX	SPX	palevioletred1	0.354177700506897
ZNF670-ZNF695	ZNF670-ZNF695	palevioletred1	0.549370877829966
AOPEP	AOPEP	palevioletred1	0.486625911986854
TCAF2P1	TCAF2P1	palevioletred1	0.445926691249969
MIX23	MIX23	palevioletred1	0.824878909561503
MACO1	MACO1	palevioletred1	0.945689355169987
RPL5P34	RPL5P34	palevioletred1	0.981245780520599
STMP1	STMP1	palevioletred1	0.617365416559828
BMS1P8	BMS1P8	palevioletred1	0.7182788697861
BICDL1	BICDL1	orangered1	0.658300351264359
SHISAL2B	SHISAL2B	orangered1	0.917158193640817
CENPS	CENPS	orangered1	0.0252126841567289
KIAA2012	KIAA2012	orangered1	0.689332181983617
CEBPZOS	CEBPZOS	orangered1	0.375956832351385
BEND3P1	BEND3P1	orangered1	0.731104611403237
CTDSPL2P1	CTDSPL2P1	orangered1	0.54113191969403
STAG3L5P	STAG3L5P	orangered1	0.238799998584388
CFAP57	CFAP57	orangered1	0.900616593403075
LRRC37A7P	LRRC37A7P	orangered1	0.44385996896464
CTSV	CTSV	mediumpurple3	0.34745382785885
NSD3	NSD3	mediumpurple3	0.379029249982256
LRATD1	LRATD1	mediumpurple3	0.945618440722106
SELENOV	SELENOV	mediumpurple3	0.198332356176633
SEPTIN7P2	SEPTIN7P2	mediumpurple3	0.255323742301229
NPIPB1P	NPIPB1P	mediumpurple3	0.108598978301446
OR1AB1P	OR1AB1P	mediumpurple3	0.481239443194905
KNL1	KNL1	plum2	0.314819478495589
SEPTIN12	SEPTIN12	plum2	0.543609551342117
NAXE	NAXE	plum2	0.113885389758889
H2AZ1	H2AZ1	plum2	0.330811685162025
RSKR	RSKR	plum2	0.230356692408504
SDHAF3	SDHAF3	plum2	0.353291716582146
EIF4EP2	EIF4EP2	plum2	0.12073884046548
BRI3BPP1	BRI3BPP1	plum2	0.653775994807469
CCNYL6	CCNYL6	plum2	0.601084948390554
H2BC8	H2BC8	plum2	0.0741743899471164
ETFBKMT	ETFBKMT	coral	0.373829919601072
LINS1	LINS1	coral	0.362703126050971
DEPP1	DEPP1	coral	0.263296337497119
NPIPA1	NPIPA1	coral	0.368639135981105
NPIPA3	NPIPA3	coral	0.97644330224036
NPIPB14P	NPIPB14P	coral	0.641318334003
HDGFL3P1	HDGFL3P1	coral	0.900708259141726
NPIPB2	NPIPB2	coral	0.388955764294252
SHLD3	SHLD3	coral	0.435408043019812
NPIPA2	NPIPA2	coral	0.964395800976349
RPL23AP91	RPL23AP91	coral	0.823400059982395
MARCHF9	MARCHF9	antiquewhite1	0.524860952345107
PGAP4	PGAP4	antiquewhite1	0.0302550205749927
SPACA9	SPACA9	antiquewhite1	0.831306911443259
NEMP1	NEMP1	antiquewhite1	0.0351846788133445
MTURN	MTURN	antiquewhite1	0.653362613023809
EIF2S3B	EIF2S3B	antiquewhite1	0.0298161991707034
SPACA6	SPACA6	antiquewhite1	0.851154980229888
H4C3	H4C3	antiquewhite1	0.0587581465362467
KIFBP	KIFBP	antiquewhite1	0.348808043784265
PPIAP42	PPIAP42	antiquewhite1	0.46643345594259
AMD1P4	AMD1P4	antiquewhite1	0.501449057856584
TUBAP9	TUBAP9	antiquewhite1	0.0207583242226892
ZBED9	ZBED9	antiquewhite1	0.9951432244811
H2BC15	H2BC15	antiquewhite1	0.574838924953572
SELENOTP1	SELENOTP1	antiquewhite1	0.759679491935396
ANAPC1P4	ANAPC1P4	antiquewhite1	0.0384312896414694
ACTG1P25	ACTG1P25	antiquewhite1	0.53019492644118
TUBAP8	TUBAP8	antiquewhite1	0.0215050013726586
RPL5P23	RPL5P23	antiquewhite1	0.0273153112095275
RPSAP5	RPSAP5	antiquewhite1	0.770432757606924
ARPC3P3	ARPC3P3	antiquewhite1	0.901579423617843
RDM1P2	RDM1P2	antiquewhite1	0.14448418856712
RDM1P1	RDM1P1	antiquewhite1	0.14448418856712
BNIP3P28	BNIP3P28	antiquewhite1	0.388970140570289
ALOX15P1	ALOX15P1	antiquewhite1	0.529034851843779
TMEM269	TMEM269	antiquewhite1	0.836061501313555
TBC1D3L	TBC1D3L	antiquewhite1	0.0328973539056258
GXYLT1P4	GXYLT1P4	antiquewhite1	0.823971416882578
CTSLP3	CTSLP3	antiquewhite1	0.280122026492634
TEX13C	TEX13C	antiquewhite1	0.667069884340378
MYOCOS	MYOCOS	antiquewhite1	0.875748237067028
FAM238C	FAM238C	antiquewhite1	0.819331483053996
CLBA1	CLBA1	pink4	0.382461604740394
PLPBP	PLPBP	pink4	0.103065606358007
ADGRF2	ADGRF2	pink4	0.628697085183695
MARCHF8	MARCHF8	pink4	0.884108208586895
WASHC2C	WASHC2C	pink4	0.834163728582461
NIM1K	NIM1K	pink4	0.560808173472432
TMEM94	TMEM94	pink4	0.321820424862479
SSPOP	SSPOP	pink4	0.748258760878345
HNRNPCP2	HNRNPCP2	pink4	0.222086365901137
ODAD4	ODAD4	pink4	0.379802212125422
CSKMT	CSKMT	pink4	0.538027787327912
RPL5P18	RPL5P18	pink4	0.977560479325594
RPL23AP75	RPL23AP75	pink4	0.897794380804807
RPL10P8	RPL10P8	pink4	0.46858209055133
VPS35P1	VPS35P1	pink4	0.731723374899149
BMS1P23	BMS1P23	pink4	0.624550486830174
H3C3	H3C3	pink4	0.64374660950039
PGGHG	PGGHG	darkturquoise	0.683104518297699
LMNTD1	LMNTD1	darkturquoise	0.665249384024408
CCDC196	CCDC196	darkturquoise	0.247148059629733
GOLGA2P7	GOLGA2P7	darkturquoise	0.194788418255809
MCRIP1	MCRIP1	darkturquoise	0.471773260547394
RPS3AP16	RPS3AP16	darkturquoise	0.0231214342514841
U2AF1L5	U2AF1L5	darkturquoise	0.468479625340504
FAM240B	FAM240B	darkturquoise	0.463217238525628
PRUNE1	PRUNE1	lavenderblush3	0.885978523743903
ATP5F1A	ATP5F1A	lavenderblush3	0.291558300925053
RPL9P21	RPL9P21	lavenderblush3	0.416512961055573
PRDX1P1	PRDX1P1	lavenderblush3	0.355035096575172
H3C9P	H3C9P	lavenderblush3	0.0177421922352211
RPS29P3	RPS29P3	lavenderblush3	0.430547657599344
H3P43	H3P43	lavenderblush3	0.71372140880171
RPSAP17	RPSAP17	lavenderblush3	0.255225644673157
RPS25P9	RPS25P9	lavenderblush3	0.69519952781854
RPL5P28	RPL5P28	lavenderblush3	0.342919785122293
AOX3P	AOX3P	lavenderblush3	0.165821323193
UPK3BL1	UPK3BL1	lavenderblush3	0.292063857016641
H4C12	H4C12	lavenderblush3	0.336693436449274
PRR33	PRR33	lavenderblush3	0.190527165458013
ABCF2-H2BE1	ABCF2-H2BE1	lavenderblush3	0.471838373594729
POMGNT2	POMGNT2	pink	0.644956654661131
NAPRT	NAPRT	pink	0.780548020694634
CENPU	CENPU	pink	0.198783765931767
DYNLT5	DYNLT5	pink	0.658000124592494
ADSS1	ADSS1	pink	0.0782797764746979
E2F3P2	E2F3P2	pink	0.454439796119536
ACKR1	ACKR1	pink	0.0178315782305484
MDM4P1	MDM4P1	pink	0.629703799558093
MTCO1P19	MTCO1P19	pink	0.0283451284609013
RPL10P4	RPL10P4	pink	0.28712885544762
NIFKP4	NIFKP4	pink	0.780974930515312
H3C2	H3C2	pink	0.178302354588183
ACKR2	ACKR2	thistle3	0.34118482185565
CXCL8	CXCL8	thistle3	0.485259381628375
MCRIP2	MCRIP2	thistle3	0.627741816275189
SLC22A20P	SLC22A20P	thistle3	0.793308020929014
H2AC18	H2AC18	thistle3	0.536404951806351
DNAJB5P1	DNAJB5P1	thistle3	0.379255377659195
RPL23AP37	RPL23AP37	thistle3	0.643906540650143
IFITM3P1	IFITM3P1	thistle3	0.663596473447174
PAFAH1B2P2	PAFAH1B2P2	thistle3	0.743698163576172
BMS1P15	BMS1P15	thistle3	0.690803681579275
DCAF1	DCAF1	yellow4	0.150935369660777
PLPP5	PLPP5	yellow4	0.334097755103508
FXNP2	FXNP2	yellow4	0.771705887013032
MACIR	MACIR	yellow4	0.675087493975991
RRP7BP	RRP7BP	yellow4	0.299415602745569
DYNLT2	DYNLT2	yellow4	0.977458844965448
PHETA1	PHETA1	yellow4	0.756632372292324
RPS4XP1	RPS4XP1	yellow4	0.990262402222034
RPL23AP89	RPL23AP89	yellow4	0.393117993925637
NFE4	NFE4	yellow4	0.0225784022463703
RPL10P9	RPL10P9	yellow4	0.448342865055064
RPS6P25	RPS6P25	yellow4	0.314222126229686
TUBAP14	TUBAP14	yellow4	0.0254265514735809
ZNF271P	ZNF271P	yellow4	0.298342148858318
OTULINL	OTULINL	salmon	0.286540794386334
ABRAXAS2	ABRAXAS2	salmon	0.517031620333437
DIPK2A	DIPK2A	salmon	0.317806855509205
PPIAP74	PPIAP74	salmon	0.551459326831644
MYL6BP1	MYL6BP1	salmon	0.0298392484085117
PPIAP39	PPIAP39	salmon	0.481465278434679
TUNAR	TUNAR	salmon	0.159490311263242
BTF3P3	BTF3P3	salmon	0.028582796558753
BNIP3P17	BNIP3P17	salmon	0.0390107985604396
LTO1	LTO1	firebrick3	0.344295730191566
SPDYE16	SPDYE16	firebrick3	0.670029733061677
LINC02210	LINC02210	firebrick3	0.394553741242998
CRPPA	CRPPA	firebrick3	0.258397547809045
RPS12P18	RPS12P18	firebrick3	0.99236622522907
EFCAB15P	EFCAB15P	firebrick3	0.932012365050427
LRRC77P	LRRC77P	firebrick3	0.982585366204641
ATP5MC2P2	ATP5MC2P2	firebrick3	0.958480026800518
CSPG4P12	CSPG4P12	firebrick3	0.413353287627894
CBSL	CBSL	firebrick3	0.992550661013242
STAG3L2	STAG3L2	firebrick3	0.171898399424723
RPL23AP61	RPL23AP61	firebrick3	0.990319571325541
NKAPD1	NKAPD1	firebrick4	0.262547149942078
BEX3	BEX3	firebrick4	0.102063721554415
H2BC13	H2BC13	firebrick4	0.0882463132336546
LINC01881	LINC01881	firebrick4	0.300760476581567
RPS3AP10	RPS3AP10	firebrick4	0.296102458252504
RPL7P37	RPL7P37	firebrick4	0.0832263128488753
CAP1P1	CAP1P1	firebrick4	0.488708865546079
ATP5MF	ATP5MF	firebrick4	0.278080675507155
DNAI4	DNAI4	coral1	0.375696710851257
PXYLP1	PXYLP1	coral1	0.119197886443913
TERB2	TERB2	coral1	0.641508546707996
SELENOM	SELENOM	coral1	0.0501666902098241
AGAP10P	AGAP10P	coral1	0.927971511023591
ENPP7P8	ENPP7P8	coral1	0.209530034535947
NDUFB4P11	NDUFB4P11	coral1	0.113461985040468
AGAP7P	AGAP7P	coral1	0.897233309910292
AGAP12P	AGAP12P	coral1	0.766750217811255
RETREG1	RETREG1	mediumpurple2	0.222170051751854
MRPL58	MRPL58	mediumpurple2	0.239108225329643
OR7E38P	OR7E38P	mediumpurple2	0.342810237890452
JPT2	JPT2	mediumpurple2	0.593267902144116
RPL12P42	RPL12P42	mediumpurple2	0.920717191366026
TPT1P6	TPT1P6	mediumpurple2	0.53369469388563
RPL12P14	RPL12P14	mediumpurple2	0.634185193885051
RPL5P25	RPL5P25	mediumpurple2	0.857831192532566
RPL12P10	RPL12P10	mediumpurple2	0.587085438955131
RPL15P13	RPL15P13	mediumpurple2	0.800951838384638
RPL26P27	RPL26P27	mediumpurple2	0.100972206914774
RPL5P10	RPL5P10	mediumpurple2	0.840329754244874
HNRNPUL2-BSCL2	HNRNPUL2-BSCL2	mediumpurple2	0.74893849141878
SUMO1P3	SUMO1P3	mediumpurple2	0.0335502901184809
ST13P7	ST13P7	mediumpurple2	0.42555740615376
RPS3AP41	RPS3AP41	mediumpurple2	0.15161657133573
RPL34P18	RPL34P18	mediumpurple2	0.4857881117161
RPL14P3	RPL14P3	mediumpurple2	0.525206695076249
HNRNPA1P55	HNRNPA1P55	mediumpurple2	0.674434168724946
RPSAP74	RPSAP74	mediumpurple2	0.478516441855724
ATP5F1AP3	ATP5F1AP3	mediumpurple2	0.888283603167773
RPS27AP19	RPS27AP19	mediumpurple2	0.684959650097889
PTMAP11	PTMAP11	mediumpurple2	0.100746084541627
PIP4P2	PIP4P2	mediumpurple1	0.935165311469164
MFSD14A	MFSD14A	mediumpurple1	0.190545522701626
PALM2AKAP2	PALM2AKAP2	mediumpurple1	0.214874035139098
GPAT4	GPAT4	mediumpurple1	0.0461922100401238
GATD3A	GATD3A	mediumpurple1	0.132276636153901
ATP5ME	ATP5ME	mediumpurple1	0.499322203015968
HEXD	HEXD	mediumpurple1	0.311661804605096
GON7	GON7	mediumpurple1	0.692862946192037
STING1	STING1	mediumpurple1	0.684121076926517
RPSAP44	RPSAP44	mediumpurple1	0.489639622252805
RPL23AP34	RPL23AP34	mediumpurple1	0.0599563026333209
RPL23AP66	RPL23AP66	mediumpurple1	0.570445304224069
SPECC1L-ADORA2A	SPECC1L-ADORA2A	mediumpurple1	0.934196466827275
SGO2	SGO2	brown	0.539397536982604
ADGRV1	ADGRV1	brown	0.841870727948193
DENND2B	DENND2B	brown	0.99073482064637
DUS2	DUS2	brown	0.796039224949609
GRAMD2A	GRAMD2A	brown	0.473278094418085
PLAAT3	PLAAT3	brown	0.69202133486569
TMBIM7P	TMBIM7P	brown	0.703143082709255
KAT7P1	KAT7P1	brown	0.996703790660344
RPS10-NUDT3	RPS10-NUDT3	brown	0.212993776487896
MELTF	MELTF	midnightblue	0.270961108128049
INTS6L	INTS6L	midnightblue	0.45687778347977
SVBP	SVBP	midnightblue	0.0979136905638052
TMEM14EP	TMEM14EP	midnightblue	0.929644810418666
SRP14P1	SRP14P1	midnightblue	0.0492010663544371
RPL32P2	RPL32P2	midnightblue	0.0296995226202399
HNRNPCP1	HNRNPCP1	midnightblue	0.335282408034713
ANKRD40CL	ANKRD40CL	magenta4	0.91445919439161
IHO1	IHO1	magenta4	0.953563290552767
PNMA8A	PNMA8A	magenta4	0.556522894693673
SHTN1	SHTN1	magenta4	0.912415464753509
H2BU1	H2BU1	magenta4	0.503899629691331
C3orf86	C3orf86	magenta4	0.723793809057736
RPS26P13	RPS26P13	magenta4	0.666295627508467
DNAJB6P1	DNAJB6P1	magenta4	0.1438311128998
HTD2	HTD2	magenta4	0.570795690952487
OTOAP1	OTOAP1	magenta4	0.991345010876097
CCDC201	CCDC201	magenta4	0.870371653750874
FYB2	FYB2	plum4	0.447407796451588
C13orf42	C13orf42	plum4	0.621518700036539
SSBL5P	SSBL5P	plum4	0.822506738118527
RPS12P4	RPS12P4	plum4	0.493031521628234
SMIM36	SMIM36	plum4	0.56148387873477
TXNP4	TXNP4	plum4	0.980157562200214
MICOS10-NBL1	MICOS10-NBL1	plum4	0.87178601533144
RPSAP75	RPSAP75	plum4	0.840429420964941
ATP5F1AP10	ATP5F1AP10	plum4	0.881871202546607
BIRC6-AS2	BIRC6-AS2	plum4	0.496530107693132
